Date,Open,High,Low,Close,Adj Close,Volume
Jan 09 2023,3910.82,3950.57,3890.42,3892.09,3892.09,4311770000
Jan 06 2023,3823.37,3906.19,3809.56,3895.08,3895.08,3923560000
Jan 05 2023,3839.74,3839.74,3802.42,3808.10,3808.10,3893450000
Jan 04 2023,3840.36,3873.16,3815.77,3852.97,3852.97,4414080000
Jan 03 2023,3853.29,3878.46,3794.33,3824.14,3824.14,3959140000
Dec 30 2022,3829.06,3839.85,3800.34,3839.50,3839.50,2979870000
Dec 29 2022,3805.45,3858.19,3805.45,3849.28,3849.28,3003680000
Dec 28 2022,3829.56,3848.32,3780.78,3783.22,3783.22,3083520000
Dec 27 2022,3843.34,3846.65,3813.22,3829.25,3829.25,3030300000
Dec 23 2022,3815.11,3845.80,3797.01,3844.82,3844.82,2819280000
Dec 22 2022,3853.26,3853.26,3764.49,3822.39,3822.39,3956950000
Dec 21 2022,3839.49,3889.82,3839.49,3878.44,3878.44,3775200000
Dec 20 2022,3810.47,3838.24,3795.62,3821.62,3821.62,3985370000
Dec 19 2022,3853.79,3854.86,3800.04,3817.66,3817.66,3969610000
Dec 16 2022,3890.91,3890.91,3827.91,3852.36,3852.36,7493660000
Dec 15 2022,3958.37,3958.37,3879.45,3895.75,3895.75,4493900000
Dec 14 2022,4015.54,4053.76,3965.65,3995.32,3995.32,4472340000
Dec 13 2022,4069.38,4100.96,3993.03,4019.65,4019.65,5079360000
Dec 12 2022,3939.29,3990.71,3935.30,3990.56,3990.56,3904130000
Dec 09 2022,3954.17,3977.02,3933.04,3934.38,3934.38,3888260000
Dec 08 2022,3947.79,3974.19,3935.83,3963.51,3963.51,4006900000
Dec 07 2022,3933.28,3957.57,3922.68,3933.92,3933.92,4118050000
Dec 06 2022,3996.63,4001.51,3918.39,3941.26,3941.26,4368380000
Dec 05 2022,4052.02,4052.45,3984.49,3998.84,3998.84,4280820000
Dec 02 2022,4040.17,4080.48,4026.63,4071.70,4071.70,4012620000
Dec 01 2022,4087.14,4100.51,4050.87,4076.57,4076.57,4527130000
Nov 30 2022,3957.18,4080.11,3938.58,4080.11,4080.11,6579360000
Nov 29 2022,3964.19,3976.77,3937.65,3957.63,3957.63,3546040000
Nov 28 2022,4005.36,4012.27,3955.77,3963.94,3963.94,3615430000
Nov 25 2022,4023.34,4034.02,4020.76,4026.12,4026.12,1706460000
Nov 23 2022,4000.30,4033.78,3998.66,4027.26,4027.26,3279720000
Nov 22 2022,3965.51,4005.88,3956.88,4003.58,4003.58,3887990000
Nov 21 2022,3956.23,3962.00,3933.34,3949.94,3949.94,3850690000
Nov 18 2022,3966.39,3979.89,3935.98,3965.34,3965.34,4037360000
Nov 17 2022,3919.26,3954.33,3906.54,3946.56,3946.56,4051780000
Nov 16 2022,3976.82,3983.09,3954.34,3958.79,3958.79,4165320000
Nov 15 2022,4006.41,4028.84,3953.17,3991.73,3991.73,5015310000
Nov 14 2022,3977.97,4008.97,3956.40,3957.25,3957.25,4561930000
Nov 11 2022,3963.72,4001.48,3944.82,3992.93,3992.93,5593310000
Nov 10 2022,3859.89,3958.33,3859.89,3956.37,3956.37,5781260000
Nov 09 2022,3810.94,3818.20,3744.22,3748.57,3748.57,4645010000
Nov 08 2022,3817.02,3859.40,3786.28,3828.11,3828.11,4607640000
Nov 07 2022,3780.71,3813.95,3764.70,3806.80,3806.80,4341620000
Nov 04 2022,3766.98,3796.34,3708.84,3770.55,3770.55,5400180000
Nov 03 2022,3733.25,3750.59,3698.15,3719.89,3719.89,4625290000
Nov 02 2022,3852.90,3894.44,3758.68,3759.69,3759.69,4899000000
Nov 01 2022,3901.79,3911.79,3843.80,3856.10,3856.10,4481210000
Oct 31 2022,3881.85,3893.73,3863.18,3871.98,3871.98,4820620000
Oct 28 2022,3808.26,3905.42,3808.26,3901.06,3901.06,4459410000
Oct 27 2022,3834.69,3859.95,3803.79,3807.30,3807.30,4687320000
Oct 26 2022,3825.97,3886.15,3824.07,3830.60,3830.60,4817310000
Oct 25 2022,3799.44,3862.85,3799.44,3859.11,3859.11,4843120000
Oct 24 2022,3762.01,3810.74,3741.65,3797.34,3797.34,4747930000
Oct 21 2022,3657.10,3757.89,3647.42,3752.75,3752.75,5078020000
Oct 20 2022,3689.05,3736.00,3656.44,3665.78,3665.78,4496620000
Oct 19 2022,3703.11,3728.58,3666.51,3695.16,3695.16,4223800000
Oct 18 2022,3746.26,3762.79,3686.53,3719.98,3719.98,4483740000
Oct 17 2022,3638.65,3689.73,3638.65,3677.95,3677.95,4352780000
Oct 14 2022,3690.41,3712.00,3579.68,3583.07,3583.07,4243030000
Oct 13 2022,3520.37,3685.41,3491.58,3669.91,3669.91,5021680000
Oct 12 2022,3590.83,3608.34,3573.86,3577.03,3577.03,4006830000
Oct 11 2022,3595.86,3640.66,3568.45,3588.84,3588.84,4759030000
Oct 10 2022,3647.51,3652.17,3588.10,3612.39,3612.39,3834320000
Oct 07 2022,3706.74,3706.74,3620.73,3639.66,3639.66,4449660000
Oct 06 2022,3771.97,3797.93,3739.22,3744.52,3744.52,4252100000
Oct 05 2022,3753.25,3806.91,3722.66,3783.28,3783.28,4293180000
Oct 04 2022,3726.46,3791.92,3726.46,3790.93,3790.93,5146580000
Oct 03 2022,3609.78,3698.35,3604.93,3678.43,3678.43,4806680000
Sep 30 2022,3633.48,3671.44,3584.13,3585.62,3585.62,5645360000
Sep 29 2022,3687.01,3687.01,3610.40,3640.47,3640.47,4681810000
Sep 28 2022,3651.94,3736.74,3640.61,3719.04,3719.04,4684850000
Sep 27 2022,3686.44,3717.53,3623.29,3647.29,3647.29,4577740000
Sep 26 2022,3682.72,3715.67,3644.76,3655.04,3655.04,4886140000
Sep 23 2022,3727.14,3727.14,3647.47,3693.23,3693.23,5144270000
Sep 22 2022,3782.36,3790.90,3749.45,3757.99,3757.99,4284600000
Sep 21 2022,3871.40,3907.07,3789.49,3789.93,3789.93,4078330000
Sep 20 2022,3875.23,3876.01,3827.54,3855.93,3855.93,4058050000
Sep 19 2022,3849.91,3900.45,3838.50,3899.89,3899.89,3766850000
Sep 16 2022,3880.95,3880.95,3837.08,3873.33,3873.33,7954650000
Sep 15 2022,3932.41,3959.14,3888.28,3901.35,3901.35,4441830000
Sep 14 2022,3940.73,3961.94,3912.18,3946.01,3946.01,4293240000
Sep 13 2022,4037.12,4037.12,3921.28,3932.69,3932.69,4224550000
Sep 12 2022,4083.67,4119.28,4083.67,4110.41,4110.41,3814200000
Sep 09 2022,4022.94,4076.81,4022.94,4067.36,4067.36,3901940000
Sep 08 2022,3959.94,4010.50,3944.81,4006.18,4006.18,3966850000
Sep 07 2022,3909.43,3987.89,3906.03,3979.87,3979.87,3890320000
Sep 06 2022,3930.89,3942.55,3886.75,3908.19,3908.19,4127340000
Sep 02 2022,3994.66,4018.43,3906.21,3924.26,3924.26,3665850000
Sep 01 2022,3936.73,3970.23,3903.65,3966.85,3966.85,4152250000
Aug 31 2022,4000.67,4015.37,3954.53,3955.00,3955.00,4542490000
Aug 30 2022,4041.25,4044.98,3965.21,3986.16,3986.16,3835860000
Aug 29 2022,4034.58,4062.99,4017.42,4030.61,4030.61,3396510000
Aug 26 2022,4198.74,4203.04,4057.66,4057.66,4057.66,3832750000
Aug 25 2022,4153.26,4200.54,4147.59,4199.12,4199.12,3566870000
Aug 24 2022,4126.55,4156.56,4119.97,4140.77,4140.77,3583630000
Aug 23 2022,4133.09,4159.77,4124.03,4128.73,4128.73,3823520000
Aug 22 2022,4195.08,4195.08,4129.86,4137.99,4137.99,3907430000
Aug 19 2022,4266.31,4266.31,4218.70,4228.48,4228.48,3761340000
Aug 18 2022,4273.13,4292.53,4261.98,4283.74,4283.74,3340330000
Aug 17 2022,4280.40,4302.18,4253.08,4274.04,4274.04,3885030000
Aug 16 2022,4290.46,4325.28,4277.77,4305.20,4305.20,4329820000
Aug 15 2022,4269.37,4301.79,4256.90,4297.14,4297.14,3696830000
Aug 12 2022,4225.02,4280.47,4219.78,4280.15,4280.15,3788010000
Aug 11 2022,4227.40,4257.91,4201.41,4207.27,4207.27,4630200000
Aug 10 2022,4181.02,4211.03,4177.26,4210.24,4210.24,4546010000
Aug 09 2022,4133.11,4137.30,4112.09,4122.47,4122.47,3913090000
Aug 08 2022,4155.93,4186.62,4128.97,4140.06,4140.06,4221090000
Aug 05 2022,4115.87,4151.58,4107.31,4145.19,4145.19,4085940000
Aug 04 2022,4154.85,4161.29,4135.42,4151.94,4151.94,4283320000
Aug 03 2022,4107.96,4167.66,4107.96,4155.17,4155.17,4351760000
Aug 02 2022,4104.21,4140.47,4079.81,4091.19,4091.19,4727710000
Aug 01 2022,4112.38,4144.95,4096.02,4118.63,4118.63,4202810000
Jul 29 2022,4087.33,4140.15,4079.22,4130.29,4130.29,4616360000
Jul 28 2022,4026.13,4078.95,3992.97,4072.43,4072.43,4413000000
Jul 27 2022,3951.43,4039.56,3951.43,4023.61,4023.61,4112180000
Jul 26 2022,3953.22,3953.22,3910.74,3921.05,3921.05,3778950000
Jul 25 2022,3965.72,3975.30,3943.46,3966.84,3966.84,3568340000
Jul 22 2022,3998.43,4012.44,3938.86,3961.63,3961.63,3979240000
Jul 21 2022,3955.47,3999.29,3927.64,3998.95,3998.95,4132790000
Jul 20 2022,3935.32,3974.13,3922.03,3959.90,3959.90,4185300000
Jul 19 2022,3860.73,3939.81,3860.73,3936.69,3936.69,4041070000
Jul 18 2022,3883.79,3902.44,3818.63,3830.85,3830.85,4046870000
Jul 15 2022,3818.00,3863.62,3817.18,3863.16,3863.16,4143800000
Jul 14 2022,3763.99,3796.41,3721.56,3790.38,3790.38,4199690000
Jul 13 2022,3779.67,3829.44,3759.07,3801.78,3801.78,4109390000
Jul 12 2022,3851.95,3873.41,3802.36,3818.80,3818.80,3817210000
Jul 11 2022,3880.94,3880.94,3847.22,3854.43,3854.43,3423480000
Jul 08 2022,3888.26,3918.50,3869.34,3899.38,3899.38,3521620000
Jul 07 2022,3858.85,3910.63,3858.85,3902.62,3902.62,4057770000
Jul 06 2022,3831.98,3870.91,3809.37,3845.08,3845.08,4417720000
Jul 05 2022,3792.61,3832.19,3742.06,3831.39,3831.39,5076590000
Jul 01 2022,3781.00,3829.82,3752.10,3825.33,3825.33,4046950000
Jun 30 2022,3785.99,3818.99,3738.67,3785.38,3785.38,4840070000
Jun 29 2022,3825.09,3836.50,3799.02,3818.83,3818.83,4211240000
Jun 28 2022,3913.00,3945.86,3820.14,3821.55,3821.55,4270120000
Jun 27 2022,3920.76,3927.72,3889.66,3900.11,3900.11,4325310000
Jun 24 2022,3821.75,3913.65,3821.75,3911.74,3911.74,8120260000
Jun 23 2022,3774.71,3802.58,3743.52,3795.73,3795.73,5098640000
Jun 22 2022,3733.89,3801.79,3717.69,3759.89,3759.89,5058990000
Jun 21 2022,3715.31,3779.65,3715.31,3764.79,3764.79,5292260000
Jun 17 2022,3665.90,3707.71,3636.87,3674.84,3674.84,8520740000
Jun 16 2022,3728.18,3728.18,3639.77,3666.77,3666.77,5644930000
Jun 15 2022,3764.05,3837.56,3722.30,3789.99,3789.99,5530480000
Jun 14 2022,3763.52,3778.18,3705.68,3735.48,3735.48,5153890000
Jun 13 2022,3838.15,3838.15,3734.30,3749.63,3749.63,5636890000
Jun 10 2022,3974.39,3974.39,3900.16,3900.86,3900.86,4889640000
Jun 09 2022,4101.65,4119.10,4017.17,4017.82,4017.82,4134170000
Jun 08 2022,4147.12,4160.14,4107.20,4115.77,4115.77,4159470000
Jun 07 2022,4096.47,4164.86,4080.19,4160.68,4160.68,4248210000
Jun 06 2022,4134.72,4168.78,4109.18,4121.43,4121.43,4332700000
Jun 03 2022,4137.57,4142.67,4098.67,4108.54,4108.54,3711110000
Jun 02 2022,4095.41,4177.51,4074.37,4176.82,4176.82,4405790000
Jun 01 2022,4149.78,4166.54,4073.85,4101.23,4101.23,4531800000
May 31 2022,4151.09,4168.34,4104.88,4132.15,4132.15,6822640000
May 27 2022,4077.43,4158.49,4077.43,4158.24,4158.24,4375620000
May 26 2022,3984.60,4075.14,3984.60,4057.84,4057.84,4709970000
May 25 2022,3929.59,3999.33,3925.03,3978.73,3978.73,4802560000
May 24 2022,3942.94,3955.68,3875.13,3941.48,3941.48,4923190000
May 23 2022,3919.42,3981.88,3909.04,3973.75,3973.75,4420030000
May 20 2022,3927.76,3943.42,3810.32,3901.36,3901.36,5130730000
May 19 2022,3899.00,3945.96,3876.58,3900.79,3900.79,5113550000
May 18 2022,4051.98,4051.98,3911.91,3923.68,3923.68,5103220000
May 17 2022,4052.00,4090.72,4033.93,4088.85,4088.85,4841410000
May 16 2022,4013.02,4046.46,3983.99,4008.01,4008.01,4415030000
May 13 2022,3963.90,4038.88,3963.90,4023.89,4023.89,5183340000
May 12 2022,3903.95,3964.80,3858.87,3930.08,3930.08,6286450000
May 11 2022,3990.08,4049.09,3928.82,3935.18,3935.18,5816140000
May 10 2022,4035.18,4068.82,3958.17,4001.05,4001.05,5885820000
May 09 2022,4081.27,4081.27,3975.48,3991.24,3991.24,5954520000
May 06 2022,4128.17,4157.69,4067.91,4123.34,4123.34,5116940000
May 05 2022,4270.43,4270.43,4106.01,4146.87,4146.87,5077030000
May 04 2022,4181.18,4307.66,4148.91,4300.17,4300.17,5136360000
May 03 2022,4159.78,4200.10,4147.08,4175.48,4175.48,4582050000
May 02 2022,4130.61,4169.81,4062.51,4155.38,4155.38,5163790000
Apr 29 2022,4253.75,4269.68,4124.28,4131.93,4131.93,5084030000
Apr 28 2022,4222.58,4308.45,4188.63,4287.50,4287.50,4854180000
Apr 27 2022,4186.52,4240.71,4162.90,4183.96,4183.96,4769680000
Apr 26 2022,4278.14,4278.14,4175.04,4175.20,4175.20,4689970000
Apr 25 2022,4255.34,4299.02,4200.82,4296.12,4296.12,5240040000
Apr 22 2022,4385.83,4385.83,4267.62,4271.78,4271.78,4651940000
Apr 21 2022,4489.17,4512.94,4384.47,4393.66,4393.66,4636890000
Apr 20 2022,4472.26,4488.29,4448.76,4459.45,4459.45,4290450000
Apr 19 2022,4390.63,4471.03,4390.63,4462.21,4462.21,4108120000
Apr 18 2022,4385.63,4410.31,4370.30,4391.69,4391.69,3910490000
Apr 14 2022,4449.12,4460.46,4390.77,4392.59,4392.59,4083090000
Apr 13 2022,4394.30,4453.92,4392.70,4446.59,4446.59,3828150000
Apr 12 2022,4437.59,4471.00,4381.34,4397.45,4397.45,4152090000
Apr 11 2022,4462.64,4464.35,4408.38,4412.53,4412.53,4266290000
Apr 08 2022,4494.15,4520.41,4474.60,4488.28,4488.28,4083200000
Apr 07 2022,4474.65,4521.16,4450.30,4500.21,4500.21,4821490000
Apr 06 2022,4494.17,4503.94,4450.04,4481.15,4481.15,4986830000
Apr 05 2022,4572.45,4593.45,4514.17,4525.12,4525.12,4800620000
Apr 04 2022,4547.97,4583.50,4539.21,4582.64,4582.64,4547350000
Apr 01 2022,4540.32,4548.70,4507.57,4545.86,4545.86,4562940000
Mar 31 2022,4599.02,4603.07,4530.41,4530.41,4530.41,4823020000
Mar 30 2022,4624.20,4627.77,4581.32,4602.45,4602.45,4385570000
Mar 29 2022,4602.86,4637.30,4589.66,4631.60,4631.60,5085910000
Mar 28 2022,4541.09,4575.65,4517.69,4575.52,4575.52,4312260000
Mar 25 2022,4522.91,4546.03,4501.07,4543.06,4543.06,4305020000
Mar 24 2022,4469.98,4520.58,4465.17,4520.16,4520.16,4131390000
Mar 23 2022,4493.10,4501.07,4455.81,4456.24,4456.24,4550670000
Mar 22 2022,4469.10,4522.00,4469.10,4511.61,4511.61,4754840000
Mar 21 2022,4462.40,4481.75,4424.30,4461.18,4461.18,4869820000
Mar 18 2022,4407.34,4465.40,4390.57,4463.12,4463.12,8278430000
Mar 17 2022,4345.11,4412.67,4335.65,4411.67,4411.67,4985090000
Mar 16 2022,4288.14,4358.90,4251.99,4357.86,4357.86,6309750000
Mar 15 2022,4188.82,4271.05,4187.90,4262.45,4262.45,5392470000
Mar 14 2022,4202.75,4247.57,4161.72,4173.11,4173.11,5574920000
Mar 11 2022,4279.50,4291.01,4200.49,4204.31,4204.31,4938640000
Mar 10 2022,4252.55,4268.28,4209.80,4259.52,4259.52,4980830000
Mar 09 2022,4223.10,4299.40,4223.10,4277.88,4277.88,5662670000
Mar 08 2022,4202.66,4276.94,4157.87,4170.70,4170.70,7243120000
Mar 07 2022,4327.01,4327.01,4199.85,4201.09,4201.09,6940470000
Mar 04 2022,4342.12,4342.12,4284.98,4328.87,4328.87,5797380000
Mar 03 2022,4401.31,4416.78,4345.56,4363.49,4363.49,5039890000
Mar 02 2022,4322.56,4401.48,4322.56,4386.54,4386.54,5337870000
Mar 01 2022,4363.14,4378.45,4279.54,4306.26,4306.26,5846230000
Feb 28 2022,4354.17,4388.84,4315.12,4373.94,4373.94,6071370000
Feb 25 2022,4298.38,4385.34,4286.83,4384.65,4384.65,5177060000
Feb 24 2022,4155.77,4294.73,4114.65,4288.70,4288.70,6752130000
Feb 23 2022,4324.93,4341.51,4221.51,4225.50,4225.50,4797430000
Feb 22 2022,4332.74,4362.12,4267.11,4304.76,4304.76,5121900000
Feb 18 2022,4384.57,4394.60,4327.22,4348.87,4348.87,4708060000
Feb 17 2022,4456.06,4456.06,4373.81,4380.26,4380.26,4539420000
Feb 16 2022,4455.75,4489.55,4429.68,4475.01,4475.01,4283640000
Feb 15 2022,4429.28,4472.77,4429.28,4471.07,4471.07,4430830000
Feb 14 2022,4412.61,4426.22,4364.84,4401.67,4401.67,4600390000
Feb 11 2022,4506.27,4526.33,4401.41,4418.64,4418.64,5251500000
Feb 10 2022,4553.24,4588.92,4484.31,4504.08,4504.08,5314860000
Feb 09 2022,4547.00,4590.03,4547.00,4587.18,4587.18,4524350000
Feb 08 2022,4480.02,4531.32,4465.40,4521.54,4521.54,4459620000
Feb 07 2022,4505.75,4521.86,4471.47,4483.87,4483.87,4228480000
Feb 04 2022,4482.79,4539.66,4451.50,4500.53,4500.53,4706290000
Feb 03 2022,4535.41,4542.88,4470.39,4477.44,4477.44,4401970000
Feb 02 2022,4566.39,4595.31,4544.32,4589.38,4589.38,4481580000
Feb 01 2022,4519.57,4550.49,4483.53,4546.54,4546.54,4816830000
Jan 31 2022,4431.79,4516.89,4414.02,4515.55,4515.55,5098610000
Jan 28 2022,4336.19,4432.72,4292.46,4431.85,4431.85,5031090000
Jan 27 2022,4380.58,4428.74,4309.50,4326.51,4326.51,5214200000
Jan 26 2022,4408.43,4453.23,4304.80,4349.93,4349.93,5570640000
Jan 25 2022,4366.64,4411.01,4287.11,4356.45,4356.45,5145050000
Jan 24 2022,4356.32,4417.35,4222.62,4410.13,4410.13,6928110000
Jan 21 2022,4471.38,4494.52,4395.34,4397.94,4397.94,5589100000
Jan 20 2022,4547.35,4602.11,4477.95,4482.73,4482.73,4640870000
Jan 19 2022,4588.03,4611.55,4530.20,4532.76,4532.76,4465740000
Jan 18 2022,4632.24,4632.24,4568.70,4577.11,4577.11,4748700000
Jan 14 2022,4637.99,4665.13,4614.75,4662.85,4662.85,4338490000
Jan 13 2022,4733.56,4744.13,4650.29,4659.03,4659.03,4251730000
Jan 12 2022,4728.59,4748.83,4706.71,4726.35,4726.35,4048220000
Jan 11 2022,4669.14,4714.13,4638.27,4713.07,4713.07,4101590000
Jan 10 2022,4655.34,4673.02,4582.24,4670.29,4670.29,4511810000
Jan 07 2022,4697.66,4707.95,4662.74,4677.03,4677.03,4181510000
Jan 06 2022,4693.39,4725.01,4671.26,4696.05,4696.05,4295280000
Jan 05 2022,4787.99,4797.70,4699.44,4700.58,4700.58,4887960000
Jan 04 2022,4804.51,4818.62,4774.27,4793.54,4793.54,4683170000
Jan 03 2022,4778.14,4796.64,4758.17,4796.56,4796.56,3831020000
Dec 31 2021,4775.21,4786.83,4765.75,4766.18,4766.18,2677820000
Dec 30 2021,4794.23,4808.93,4775.33,4778.73,4778.73,3124950000
Dec 29 2021,4788.64,4804.06,4778.08,4793.06,4793.06,2963310000
Dec 28 2021,4795.49,4807.02,4780.04,4786.35,4786.35,2707920000
Dec 27 2021,4733.99,4791.49,4733.99,4791.19,4791.19,2770290000
Dec 23 2021,4703.96,4740.74,4703.96,4725.79,4725.79,2913040000
Dec 22 2021,4650.36,4697.67,4645.53,4696.56,4696.56,3319610000
Dec 21 2021,4594.96,4651.14,4583.16,4649.23,4649.23,4072430000
Dec 20 2021,4587.90,4587.90,4531.10,4568.02,4568.02,4635700000
Dec 17 2021,4652.50,4666.70,4600.22,4620.64,4620.64,7987090000
Dec 16 2021,4719.13,4731.99,4651.89,4668.67,4668.67,4829500000
Dec 15 2021,4636.46,4712.60,4611.22,4709.85,4709.85,4910130000
Dec 14 2021,4642.99,4660.47,4606.52,4634.09,4634.09,4485430000
Dec 13 2021,4710.30,4710.30,4667.60,4668.97,4668.97,4397230000
Dec 10 2021,4687.64,4713.57,4670.24,4712.02,4712.02,3870110000
Dec 09 2021,4691.00,4695.26,4665.98,4667.45,4667.45,3903840000
Dec 08 2021,4690.86,4705.06,4674.52,4701.21,4701.21,4234600000
Dec 07 2021,4631.97,4694.04,4631.97,4686.75,4686.75,4492400000
Dec 06 2021,4548.37,4612.60,4540.51,4591.67,4591.67,4770800000
Dec 03 2021,4589.49,4608.03,4495.12,4538.43,4538.43,5240070000
Dec 02 2021,4504.73,4595.46,4504.73,4577.10,4577.10,5077180000
Dec 01 2021,4602.82,4652.94,4510.27,4513.04,4513.04,5366730000
Nov 30 2021,4640.25,4646.02,4560.00,4567.00,4567.00,6625990000
Nov 29 2021,4628.75,4672.95,4625.26,4655.27,4655.27,4336410000
Nov 26 2021,4664.63,4664.63,4585.43,4594.62,4594.62,3517700000
Nov 24 2021,4675.78,4702.87,4659.89,4701.46,4701.46,3418430000
Nov 23 2021,4678.48,4699.39,4652.66,4690.70,4690.70,4277590000
Nov 22 2021,4712.00,4743.83,4682.17,4682.94,4682.94,4441100000
Nov 19 2021,4708.44,4717.75,4694.22,4697.96,4697.96,4253180000
Nov 18 2021,4700.72,4708.80,4672.78,4704.54,4704.54,4226410000
Nov 17 2021,4701.50,4701.50,4684.41,4688.67,4688.67,3969070000
Nov 16 2021,4679.42,4714.95,4679.42,4700.90,4700.90,3972640000
Nov 15 2021,4689.30,4697.42,4672.86,4682.80,4682.80,3488410000
Nov 12 2021,4655.24,4688.47,4650.77,4682.85,4682.85,3728600000
Nov 11 2021,4659.39,4664.55,4648.31,4649.27,4649.27,3926870000
Nov 10 2021,4670.26,4684.85,4630.86,4646.71,4646.71,4503720000
Nov 09 2021,4707.25,4708.53,4670.87,4685.25,4685.25,4117080000
Nov 08 2021,4701.48,4714.92,4694.39,4701.70,4701.70,4269710000
Nov 05 2021,4699.26,4718.50,4681.32,4697.53,4697.53,4467180000
Nov 04 2021,4662.93,4683.00,4662.59,4680.06,4680.06,4462300000
Nov 03 2021,4630.65,4663.46,4621.19,4660.57,4660.57,4319660000
Nov 02 2021,4613.34,4635.15,4613.34,4630.65,4630.65,3975250000
Nov 01 2021,4610.62,4620.34,4595.06,4613.67,4613.67,3971540000
Oct 29 2021,4572.87,4608.08,4567.59,4605.38,4605.38,4510200000
Oct 28 2021,4562.84,4597.55,4562.84,4596.42,4596.42,4132950000
Oct 27 2021,4580.22,4584.57,4551.66,4551.68,4551.68,4226050000
Oct 26 2021,4578.69,4598.53,4569.17,4574.79,4574.79,3879740000
Oct 25 2021,4553.69,4572.62,4537.36,4566.48,4566.48,3899400000
Oct 22 2021,4546.12,4559.67,4524.00,4544.90,4544.90,3758220000
Oct 21 2021,4532.24,4551.44,4526.89,4549.78,4549.78,3822330000
Oct 20 2021,4524.42,4540.87,4524.40,4536.19,4536.19,3670760000
Oct 19 2021,4497.34,4520.40,4496.41,4519.63,4519.63,3459130000
Oct 18 2021,4463.72,4488.75,4447.47,4486.46,4486.46,3662010000
Oct 15 2021,4447.69,4475.82,4447.69,4471.37,4471.37,3819380000
Oct 14 2021,4386.75,4439.73,4386.75,4438.26,4438.26,3598280000
Oct 13 2021,4358.01,4372.87,4329.92,4363.80,4363.80,3620070000
Oct 12 2021,4368.31,4374.89,4342.09,4350.65,4350.65,3558450000
Oct 11 2021,4385.44,4415.88,4360.59,4361.19,4361.19,3281970000
Oct 08 2021,4406.51,4412.02,4386.22,4391.34,4391.34,3280160000
Oct 07 2021,4383.73,4429.97,4383.73,4399.76,4399.76,3843740000
Oct 06 2021,4319.57,4365.57,4290.49,4363.55,4363.55,4009630000
Oct 05 2021,4309.87,4369.23,4309.87,4345.72,4345.72,3902890000
Oct 04 2021,4348.84,4355.51,4278.94,4300.46,4300.46,4307870000
Oct 01 2021,4317.16,4375.19,4288.52,4357.04,4357.04,4010370000
Sep 30 2021,4370.67,4382.55,4306.24,4307.54,4307.54,4448140000
Sep 29 2021,4362.41,4385.57,4355.08,4359.46,4359.46,3712660000
Sep 28 2021,4419.54,4419.54,4346.33,4352.63,4352.63,4416550000
Sep 27 2021,4442.12,4457.30,4436.19,4443.11,4443.11,4058650000
Sep 24 2021,4438.04,4463.12,4430.27,4455.48,4455.48,3384290000
Sep 23 2021,4406.75,4465.40,4406.75,4448.98,4448.98,3916350000
Sep 22 2021,4367.43,4416.75,4367.43,4395.64,4395.64,3939170000
Sep 21 2021,4374.45,4394.87,4347.96,4354.19,4354.19,3920920000
Sep 20 2021,4402.95,4402.95,4305.91,4357.73,4357.73,4898070000
Sep 17 2021,4469.74,4471.52,4427.76,4432.99,4432.99,7289530000
Sep 16 2021,4477.09,4485.87,4443.80,4473.75,4473.75,3984560000
Sep 15 2021,4447.49,4486.87,4438.37,4480.70,4480.70,4032020000
Sep 14 2021,4479.33,4485.68,4435.46,4443.05,4443.05,3670460000
Sep 13 2021,4474.81,4492.99,4445.70,4468.73,4468.73,3914220000
Sep 10 2021,4506.92,4520.47,4457.66,4458.58,4458.58,3623180000
Sep 09 2021,4513.02,4529.90,4492.07,4493.28,4493.28,3735390000
Sep 08 2021,4518.09,4521.79,4493.95,4514.07,4514.07,3750880000
Sep 07 2021,4535.38,4535.38,4513.00,4520.03,4520.03,3822960000
Sep 03 2021,4532.42,4541.45,4521.30,4535.43,4535.43,3217530000
Sep 02 2021,4534.48,4545.85,4524.66,4536.95,4536.95,3735990000
Sep 01 2021,4528.80,4537.11,4522.02,4524.09,4524.09,4057340000
Aug 31 2021,4529.75,4531.39,4515.80,4522.68,4522.68,4290710000
Aug 30 2021,4513.76,4537.36,4513.76,4528.79,4528.79,3168660000
Aug 27 2021,4474.10,4513.33,4474.10,4509.37,4509.37,3331200000
Aug 26 2021,4493.75,4495.90,4468.99,4470.00,4470.00,3263980000
Aug 25 2021,4490.45,4501.71,4485.66,4496.19,4496.19,3444700000
Aug 24 2021,4484.40,4492.81,4482.28,4486.23,4486.23,3979220000
Aug 23 2021,4450.29,4489.88,4450.29,4479.53,4479.53,3576530000
Aug 20 2021,4410.56,4444.35,4406.80,4441.67,4441.67,3652610000
Aug 19 2021,4382.44,4418.61,4367.73,4405.80,4405.80,4398410000
Aug 18 2021,4440.94,4454.32,4397.59,4400.27,4400.27,3755590000
Aug 17 2021,4462.12,4462.12,4417.83,4448.08,4448.08,3836960000
Aug 16 2021,4461.65,4480.26,4437.66,4479.71,4479.71,3370640000
Aug 13 2021,4464.84,4468.37,4460.82,4468.00,4468.00,3016470000
Aug 12 2021,4446.08,4461.77,4435.96,4460.83,4460.83,3375310000
Aug 11 2021,4442.18,4449.44,4436.42,4442.41,4442.41,3532560000
Aug 10 2021,4435.79,4445.21,4430.03,4436.75,4436.75,3886610000
Aug 09 2021,4437.77,4439.39,4424.74,4432.35,4432.35,3449280000
Aug 06 2021,4429.07,4440.82,4429.07,4436.52,4436.52,3451870000
Aug 05 2021,4408.86,4429.76,4408.86,4429.10,4429.10,3769410000
Aug 04 2021,4415.95,4416.17,4400.23,4402.66,4402.66,4260760000
Aug 03 2021,4392.74,4423.79,4373.00,4423.15,4423.15,3965190000
Aug 02 2021,4406.86,4422.18,4384.81,4387.16,4387.16,3724090000
Jul 30 2021,4395.12,4412.25,4389.65,4395.26,4395.26,3956740000
Jul 29 2021,4403.59,4429.97,4403.59,4419.15,4419.15,4044600000
Jul 28 2021,4402.95,4415.47,4387.01,4400.64,4400.64,4215290000
Jul 27 2021,4416.38,4416.38,4372.51,4401.46,4401.46,4241950000
Jul 26 2021,4409.58,4422.73,4405.45,4422.30,4422.30,4275630000
Jul 23 2021,4381.20,4415.18,4381.20,4411.79,4411.79,4540070000
Jul 22 2021,4361.27,4369.87,4350.06,4367.48,4367.48,3358300000
Jul 21 2021,4331.13,4359.70,4331.13,4358.69,4358.69,3810280000
Jul 20 2021,4265.11,4336.84,4262.05,4323.06,4323.06,4438270000
Jul 19 2021,4296.40,4296.40,4233.13,4258.49,4258.49,5157660000
Jul 16 2021,4367.43,4375.09,4322.53,4327.16,4327.16,3985700000
Jul 15 2021,4369.02,4369.02,4340.70,4360.03,4360.03,3905230000
Jul 14 2021,4380.11,4393.68,4362.36,4374.30,4374.30,4006370000
Jul 13 2021,4381.07,4392.37,4366.92,4369.21,4369.21,3695430000
Jul 12 2021,4372.41,4386.68,4364.03,4384.63,4384.63,3384460000
Jul 09 2021,4329.38,4371.60,4329.38,4369.55,4369.55,3531120000
Jul 08 2021,4321.07,4330.88,4289.37,4320.82,4320.82,4347500000
Jul 07 2021,4351.01,4361.88,4329.79,4358.13,4358.13,4037380000
Jul 06 2021,4356.46,4356.46,4314.37,4343.54,4343.54,4309570000
Jul 02 2021,4326.60,4355.43,4326.60,4352.34,4352.34,3225840000
Jul 01 2021,4300.73,4320.66,4300.73,4319.94,4319.94,3788230000
Jun 30 2021,4290.65,4302.43,4287.96,4297.50,4297.50,4266040000
Jun 29 2021,4293.21,4300.52,4287.04,4291.80,4291.80,3707150000
Jun 28 2021,4284.90,4292.14,4274.67,4290.61,4290.61,4147890000
Jun 25 2021,4274.45,4286.12,4271.16,4280.70,4280.70,7341450000
Jun 24 2021,4256.97,4271.28,4256.97,4266.49,4266.49,3816660000
Jun 23 2021,4249.27,4256.60,4241.43,4241.84,4241.84,3730350000
Jun 22 2021,4224.61,4255.84,4217.27,4246.44,4246.44,3828390000
Jun 21 2021,4173.40,4226.24,4173.40,4224.79,4224.79,4128950000
Jun 18 2021,4204.78,4204.78,4164.40,4166.45,4166.45,6817010000
Jun 17 2021,4220.37,4232.29,4196.05,4221.86,4221.86,5312680000
Jun 16 2021,4248.87,4251.89,4202.45,4223.70,4223.70,4538350000
Jun 15 2021,4255.28,4257.16,4238.35,4246.59,4246.59,4048940000
Jun 14 2021,4248.31,4255.59,4234.07,4255.15,4255.15,4151200000
Jun 11 2021,4242.90,4248.38,4232.25,4247.44,4247.44,3815010000
Jun 10 2021,4228.56,4249.74,4220.34,4239.18,4239.18,4408210000
Jun 09 2021,4232.99,4237.09,4218.74,4219.55,4219.55,4713260000
Jun 08 2021,4233.81,4236.74,4208.41,4227.26,4227.26,4659620000
Jun 07 2021,4229.34,4232.34,4215.66,4226.52,4226.52,4476920000
Jun 04 2021,4206.05,4233.45,4206.05,4229.89,4229.89,4139790000
Jun 03 2021,4191.43,4204.39,4167.93,4192.85,4192.85,5587970000
Jun 02 2021,4206.82,4217.37,4198.27,4208.12,4208.12,5833670000
Jun 01 2021,4216.52,4234.12,4197.59,4202.04,4202.04,5074670000
May 28 2021,4210.77,4218.36,4203.57,4204.11,4204.11,4649250000
May 27 2021,4201.94,4213.38,4197.78,4200.88,4200.88,6406310000
May 26 2021,4191.59,4202.61,4184.11,4195.99,4195.99,4420890000
May 25 2021,4205.94,4213.42,4182.52,4188.13,4188.13,4182250000
May 24 2021,4170.16,4209.52,4170.16,4197.05,4197.05,3684800000
May 21 2021,4168.61,4188.72,4151.72,4155.86,4155.86,3995250000
May 20 2021,4121.97,4172.80,4121.97,4159.12,4159.12,3978880000
May 19 2021,4098.45,4116.93,4061.41,4115.68,4115.68,4247450000
May 18 2021,4165.94,4169.15,4125.99,4127.83,4127.83,4398150000
May 17 2021,4169.92,4171.92,4142.69,4163.29,4163.29,4125050000
May 14 2021,4129.58,4183.13,4129.58,4173.85,4173.85,4008880000
May 13 2021,4074.99,4131.58,4074.99,4112.50,4112.50,4779540000
May 12 2021,4130.55,4134.73,4056.88,4063.04,4063.04,4733070000
May 11 2021,4150.34,4162.04,4111.53,4152.10,4152.10,4870710000
May 10 2021,4228.29,4236.39,4188.13,4188.43,4188.43,4560700000
May 07 2021,4210.34,4238.04,4201.64,4232.60,4232.60,4016080000
May 06 2021,4169.14,4202.70,4147.33,4201.62,4201.62,4511000000
May 05 2021,4177.06,4187.72,4160.94,4167.59,4167.59,4230920000
May 04 2021,4179.04,4179.04,4128.59,4164.66,4164.66,4452460000
May 03 2021,4191.98,4209.39,4188.03,4192.66,4192.66,4070220000
Apr 30 2021,4198.10,4198.10,4174.85,4181.17,4181.17,4300880000
Apr 29 2021,4206.14,4218.78,4176.81,4211.47,4211.47,4298680000
Apr 28 2021,4185.14,4201.53,4181.78,4183.18,4183.18,3787360000
Apr 27 2021,4188.25,4193.35,4176.22,4186.72,4186.72,3710700000
Apr 26 2021,4185.03,4194.19,4182.36,4187.62,4187.62,3748320000
Apr 23 2021,4138.78,4194.17,4138.78,4180.17,4180.17,3569880000
Apr 22 2021,4170.46,4179.57,4123.69,4134.98,4134.98,4245140000
Apr 21 2021,4128.42,4175.02,4126.35,4173.42,4173.42,3887250000
Apr 20 2021,4159.18,4159.18,4118.38,4134.94,4134.94,4342650000
Apr 19 2021,4179.80,4180.81,4150.47,4163.26,4163.26,3810290000
Apr 16 2021,4174.14,4191.31,4170.75,4185.47,4185.47,4163820000
Apr 15 2021,4139.76,4173.49,4139.76,4170.42,4170.42,4033420000
Apr 14 2021,4141.58,4151.69,4120.87,4124.66,4124.66,3985350000
Apr 13 2021,4130.10,4148.00,4124.43,4141.59,4141.59,3734720000
Apr 12 2021,4124.71,4131.76,4114.82,4127.99,4127.99,3588900000
Apr 09 2021,4096.11,4129.48,4095.51,4128.80,4128.80,3640390000
Apr 08 2021,4089.95,4098.19,4082.54,4097.17,4097.17,3907100000
Apr 07 2021,4074.29,4083.13,4068.31,4079.95,4079.95,4120810000
Apr 06 2021,4075.57,4086.23,4068.14,4073.94,4073.94,4081270000
Apr 05 2021,4034.44,4083.42,4034.44,4077.91,4077.91,4005030000
Apr 01 2021,3992.78,4020.63,3992.78,4019.87,4019.87,4162130000
Mar 31 2021,3967.25,3994.41,3966.98,3972.89,3972.89,4578050000
Mar 30 2021,3963.34,3968.01,3944.35,3958.55,3958.55,4121510000
Mar 29 2021,3969.31,3981.83,3943.25,3971.09,3971.09,4628180000
Mar 26 2021,3917.12,3978.19,3917.12,3974.54,3974.54,5483160000
Mar 25 2021,3879.34,3919.54,3853.50,3909.52,3909.52,4948340000
Mar 24 2021,3919.93,3942.08,3889.07,3889.14,3889.14,4783020000
Mar 23 2021,3937.60,3949.13,3901.57,3910.52,3910.52,4669010000
Mar 22 2021,3916.48,3955.31,3914.16,3940.59,3940.59,4316260000
Mar 19 2021,3913.14,3930.12,3886.75,3913.10,3913.10,7757420000
Mar 18 2021,3953.50,3969.62,3910.86,3915.46,3915.46,5118590000
Mar 17 2021,3949.57,3983.87,3935.74,3974.12,3974.12,4561660000
Mar 16 2021,3973.59,3981.04,3953.44,3962.71,3962.71,4613080000
Mar 15 2021,3942.96,3970.08,3923.54,3968.94,3968.94,4900100000
Mar 12 2021,3924.52,3944.99,3915.21,3943.34,3943.34,4476280000
Mar 11 2021,3915.54,3960.27,3915.54,3939.34,3939.34,5312880000
Mar 10 2021,3891.99,3917.35,3885.73,3898.81,3898.81,5847380000
Mar 09 2021,3851.93,3903.76,3851.93,3875.44,3875.44,5513560000
Mar 08 2021,3844.39,3881.06,3819.25,3821.35,3821.35,5871710000
Mar 05 2021,3793.58,3851.69,3730.19,3841.94,3841.94,6851070000
Mar 04 2021,3818.53,3843.67,3723.34,3768.47,3768.47,7195400000
Mar 03 2021,3863.99,3874.47,3818.86,3819.72,3819.72,6173660000
Mar 02 2021,3903.64,3906.41,3868.57,3870.29,3870.29,5536010000
Mar 01 2021,3842.51,3914.50,3842.51,3901.82,3901.82,5114820000
Feb 26 2021,3839.66,3861.08,3789.54,3811.15,3811.15,6526070000
Feb 25 2021,3915.80,3925.02,3814.04,3829.34,3829.34,6547470000
Feb 24 2021,3873.71,3928.65,3859.60,3925.43,3925.43,6012790000
Feb 23 2021,3857.07,3895.98,3805.59,3881.37,3881.37,6296610000
Feb 22 2021,3885.55,3902.92,3874.71,3876.50,3876.50,5917100000
Feb 19 2021,3921.16,3930.41,3903.07,3906.71,3906.71,4845320000
Feb 18 2021,3915.86,3921.98,3885.03,3913.97,3913.97,4793650000
Feb 17 2021,3918.50,3933.61,3900.43,3931.33,3931.33,4730650000
Feb 16 2021,3939.61,3950.43,3923.85,3932.59,3932.59,5058990000
Feb 12 2021,3911.65,3937.23,3905.78,3934.83,3934.83,4135060000
Feb 11 2021,3916.40,3925.99,3890.39,3916.38,3916.38,4590960000
Feb 10 2021,3920.78,3931.50,3884.94,3909.88,3909.88,4837070000
Feb 09 2021,3910.49,3918.35,3902.64,3911.23,3911.23,4568320000
Feb 08 2021,3892.59,3915.77,3892.59,3915.59,3915.59,4648360000
Feb 05 2021,3878.30,3894.56,3874.93,3886.83,3886.83,4879470000
Feb 04 2021,3836.66,3872.42,3836.66,3871.74,3871.74,4879240000
Feb 03 2021,3840.27,3847.51,3816.68,3830.17,3830.17,4864870000
Feb 02 2021,3791.84,3843.09,3791.84,3826.31,3826.31,5514090000
Feb 01 2021,3731.17,3784.32,3725.62,3773.86,3773.86,5436230000
Jan 29 2021,3778.05,3778.05,3694.12,3714.24,3714.24,6643370000
Jan 28 2021,3755.75,3830.50,3755.75,3787.38,3787.38,6992770000
Jan 27 2021,3836.83,3836.83,3732.48,3750.77,3750.77,9976520000
Jan 26 2021,3862.96,3870.90,3847.78,3849.62,3849.62,6137500000
Jan 25 2021,3851.68,3859.23,3797.16,3855.36,3855.36,7000840000
Jan 22 2021,3844.24,3852.31,3830.41,3841.47,3841.47,5110890000
Jan 21 2021,3857.46,3861.45,3845.05,3853.07,3853.07,4501760000
Jan 20 2021,3816.22,3859.75,3816.22,3851.85,3851.85,4566190000
Jan 19 2021,3781.88,3804.53,3780.37,3798.91,3798.91,5014440000
Jan 15 2021,3788.73,3788.73,3749.62,3768.25,3768.25,5369820000
Jan 14 2021,3814.98,3823.60,3792.86,3795.54,3795.54,5198480000
Jan 13 2021,3802.23,3820.96,3791.50,3809.84,3809.84,4602510000
Jan 12 2021,3801.62,3810.78,3776.51,3801.19,3801.19,4994950000
Jan 11 2021,3803.14,3817.86,3789.02,3799.61,3799.61,4465430000
Jan 08 2021,3815.05,3826.69,3783.60,3824.68,3824.68,4773040000
Jan 07 2021,3764.71,3811.55,3764.71,3803.79,3803.79,5099160000
Jan 06 2021,3712.20,3783.04,3705.34,3748.14,3748.14,6064110000
Jan 05 2021,3698.02,3737.83,3695.07,3726.86,3726.86,4591020000
Jan 04 2021,3764.61,3769.99,3662.71,3700.65,3700.65,5015000000
Dec 31 2020,3733.27,3760.20,3726.88,3756.07,3756.07,3179040000
Dec 30 2020,3736.19,3744.63,3730.21,3732.04,3732.04,3154850000
Dec 29 2020,3750.01,3756.12,3723.31,3727.04,3727.04,3393290000
Dec 28 2020,3723.03,3740.51,3723.03,3735.36,3735.36,3535460000
Dec 24 2020,3694.03,3703.82,3689.32,3703.06,3703.06,1883780000
Dec 23 2020,3693.42,3711.24,3689.28,3690.01,3690.01,3779160000
Dec 22 2020,3698.08,3698.26,3676.16,3687.26,3687.26,4053310000
Dec 21 2020,3684.28,3702.90,3636.48,3694.92,3694.92,4748580000
Dec 18 2020,3722.39,3726.70,3685.84,3709.41,3709.41,7097100000
Dec 17 2020,3713.65,3725.12,3710.87,3722.48,3722.48,4192810000
Dec 16 2020,3696.25,3711.27,3688.57,3701.17,3701.17,4067040000
Dec 15 2020,3666.41,3695.29,3659.62,3694.62,3694.62,4387080000
Dec 14 2020,3675.27,3697.61,3645.84,3647.49,3647.49,4623850000
Dec 11 2020,3656.08,3665.91,3633.40,3663.46,3663.46,4375470000
Dec 10 2020,3659.13,3678.49,3645.18,3668.10,3668.10,4658480000
Dec 09 2020,3705.98,3712.39,3660.54,3672.82,3672.82,5232800000
Dec 08 2020,3683.05,3708.45,3678.83,3702.25,3702.25,4584390000
Dec 07 2020,3694.73,3697.41,3678.88,3691.96,3691.96,4804500000
Dec 04 2020,3670.94,3699.20,3670.94,3699.12,3699.12,5099620000
Dec 03 2020,3668.28,3682.73,3657.17,3666.72,3666.72,5065340000
Dec 02 2020,3653.78,3670.96,3644.84,3669.01,3669.01,5041250000
Dec 01 2020,3645.87,3678.45,3645.87,3662.45,3662.45,5418480000
Nov 30 2020,3634.18,3634.18,3594.39,3621.63,3621.63,6308410000
Nov 27 2020,3638.55,3644.31,3629.33,3638.35,3638.35,2778390000
Nov 25 2020,3635.50,3635.50,3617.76,3629.65,3629.65,4910440000
Nov 24 2020,3594.52,3642.31,3594.52,3635.41,3635.41,6280290000
Nov 23 2020,3566.82,3589.81,3552.77,3577.59,3577.59,5057550000
Nov 20 2020,3579.31,3581.23,3556.85,3557.54,3557.54,4236370000
Nov 19 2020,3559.41,3585.22,3543.84,3581.87,3581.87,4363370000
Nov 18 2020,3612.09,3619.09,3567.33,3567.79,3567.79,5284810000
Nov 17 2020,3610.31,3623.11,3588.68,3609.53,3609.53,4812180000
Nov 16 2020,3600.16,3628.51,3600.16,3626.91,3626.91,5295510000
Nov 13 2020,3552.57,3593.66,3552.57,3585.15,3585.15,4719580000
Nov 12 2020,3562.67,3569.02,3518.58,3537.01,3537.01,4909660000
Nov 11 2020,3563.22,3581.16,3557.00,3572.66,3572.66,4635560000
Nov 10 2020,3543.26,3557.22,3511.91,3545.53,3545.53,6037470000
Nov 09 2020,3583.04,3645.99,3547.48,3550.50,3550.50,8570510000
Nov 06 2020,3508.34,3521.58,3484.34,3509.44,3509.44,4842460000
Nov 05 2020,3485.74,3529.05,3485.74,3510.45,3510.45,4858150000
Nov 04 2020,3406.46,3486.25,3405.17,3443.44,3443.44,4790400000
Nov 03 2020,3336.25,3389.49,3336.25,3369.16,3369.16,4241380000
Nov 02 2020,3296.20,3330.14,3279.74,3310.24,3310.24,4314690000
Oct 30 2020,3293.59,3304.93,3233.94,3269.96,3269.96,4843930000
Oct 29 2020,3277.17,3341.05,3259.82,3310.11,3310.11,4911860000
Oct 28 2020,3342.48,3342.48,3268.89,3271.03,3271.03,5139970000
Oct 27 2020,3403.15,3409.51,3388.71,3390.68,3390.68,3962400000
Oct 26 2020,3441.42,3441.42,3364.86,3400.97,3400.97,4002210000
Oct 23 2020,3464.90,3466.46,3440.45,3465.39,3465.39,3651600000
Oct 22 2020,3438.50,3460.53,3415.34,3453.49,3453.49,4172060000
Oct 21 2020,3439.91,3464.86,3433.06,3435.56,3435.56,4103960000
Oct 20 2020,3439.38,3476.93,3435.65,3443.12,3443.12,3917850000
Oct 19 2020,3493.66,3502.42,3419.93,3426.92,3426.92,4091080000
Oct 16 2020,3493.50,3515.76,3480.45,3483.81,3483.81,4688030000
Oct 15 2020,3453.72,3489.08,3440.89,3483.34,3483.34,3724550000
Oct 14 2020,3515.47,3527.94,3480.55,3488.67,3488.67,3858510000
Oct 13 2020,3534.01,3534.01,3500.86,3511.93,3511.93,3611100000
Oct 12 2020,3500.02,3549.85,3499.61,3534.22,3534.22,3435760000
Oct 09 2020,3459.67,3482.34,3458.07,3477.14,3477.14,3944090000
Oct 08 2020,3434.28,3447.28,3428.15,3446.83,3446.83,3867640000
Oct 07 2020,3384.56,3426.26,3384.56,3419.44,3419.44,3814750000
Oct 06 2020,3408.74,3431.56,3354.54,3360.97,3360.97,4453390000
Oct 05 2020,3367.27,3409.57,3367.27,3408.60,3408.60,3692720000
Oct 02 2020,3338.94,3369.10,3323.69,3348.42,3348.42,3975180000
Oct 01 2020,3385.87,3397.18,3361.39,3380.80,3380.80,4076340000
Sep 30 2020,3341.21,3393.56,3340.47,3363.00,3363.00,4738640000
Sep 29 2020,3350.92,3357.92,3327.54,3335.47,3335.47,3661590000
Sep 28 2020,3333.90,3360.74,3332.91,3351.60,3351.60,3950910000
Sep 25 2020,3236.66,3306.88,3228.44,3298.46,3298.46,3803330000
Sep 24 2020,3226.14,3278.70,3209.45,3246.59,3246.59,4601920000
Sep 23 2020,3320.11,3323.35,3232.57,3236.92,3236.92,4378650000
Sep 22 2020,3295.75,3320.31,3270.95,3315.57,3315.57,3974510000
Sep 21 2020,3285.57,3285.57,3229.10,3281.06,3281.06,4836070000
Sep 18 2020,3357.38,3362.27,3292.40,3319.47,3319.47,7076400000
Sep 17 2020,3346.86,3375.17,3328.82,3357.01,3357.01,4379840000
Sep 16 2020,3411.23,3428.92,3384.45,3385.49,3385.49,4718900000
Sep 15 2020,3407.73,3419.48,3389.25,3401.20,3401.20,4057190000
Sep 14 2020,3363.56,3402.93,3363.56,3383.54,3383.54,3839580000
Sep 11 2020,3352.70,3368.95,3310.47,3340.97,3340.97,3710090000
Sep 10 2020,3412.56,3425.55,3329.25,3339.19,3339.19,4208630000
Sep 09 2020,3369.82,3424.77,3366.84,3398.96,3398.96,3932520000
Sep 08 2020,3371.88,3379.97,3329.27,3331.84,3331.84,4694330000
Sep 04 2020,3453.60,3479.15,3349.63,3426.96,3426.96,4438720000
Sep 03 2020,3564.74,3564.85,3427.41,3455.06,3455.06,4911830000
Sep 02 2020,3543.76,3588.11,3535.23,3580.84,3580.84,4295640000
Sep 01 2020,3507.44,3528.03,3494.60,3526.65,3526.65,4101490000
Aug 31 2020,3509.73,3514.77,3493.25,3500.31,3500.31,4348280000
Aug 28 2020,3494.69,3509.23,3484.32,3508.01,3508.01,3868510000
Aug 27 2020,3485.14,3501.38,3468.35,3484.55,3484.55,3955890000
Aug 26 2020,3449.97,3481.07,3444.15,3478.73,3478.73,3780530000
Aug 25 2020,3435.95,3444.21,3425.84,3443.62,3443.62,3627650000
Aug 24 2020,3418.09,3432.09,3413.13,3431.28,3431.28,3743410000
Aug 21 2020,3386.01,3399.96,3379.31,3397.16,3397.16,3505010000
Aug 20 2020,3360.48,3390.80,3354.69,3385.51,3385.51,3431040000
Aug 19 2020,3392.51,3399.54,3369.66,3374.85,3374.85,3679480000
Aug 18 2020,3387.04,3395.06,3370.15,3389.78,3389.78,3669550000
Aug 17 2020,3380.86,3387.59,3379.22,3381.99,3381.99,3460330000
Aug 14 2020,3368.66,3378.51,3361.64,3372.85,3372.85,3200060000
Aug 13 2020,3372.95,3387.24,3363.35,3373.43,3373.43,3438730000
Aug 12 2020,3355.46,3387.89,3355.46,3380.35,3380.35,3772250000
Aug 11 2020,3370.34,3381.01,3326.44,3333.69,3333.69,4880540000
Aug 10 2020,3356.04,3363.29,3335.44,3360.47,3360.47,4327920000
Aug 07 2020,3340.05,3352.54,3328.72,3351.28,3351.28,4110030000
Aug 06 2020,3323.17,3351.03,3318.14,3349.16,3349.16,4278930000
Aug 05 2020,3317.37,3330.77,3317.37,3327.77,3327.77,4535060000
Aug 04 2020,3289.92,3306.84,3286.37,3306.51,3306.51,4414380000
Aug 03 2020,3288.26,3302.73,3284.53,3294.61,3294.61,4438940000
Jul 31 2020,3270.45,3272.17,3220.26,3271.12,3271.12,5007530000
Jul 30 2020,3231.76,3250.92,3204.13,3246.22,3246.22,4264920000
Jul 29 2020,3227.22,3264.74,3227.22,3258.44,3258.44,4478200000
Jul 28 2020,3234.27,3243.72,3216.17,3218.44,3218.44,4053180000
Jul 27 2020,3219.84,3241.43,3214.25,3239.41,3239.41,3970310000
Jul 24 2020,3218.58,3227.26,3200.05,3215.63,3215.63,3689410000
Jul 23 2020,3271.64,3279.99,3222.66,3235.66,3235.66,4296760000
Jul 22 2020,3254.86,3279.32,3253.10,3276.02,3276.02,4267160000
Jul 21 2020,3268.52,3277.29,3247.77,3257.30,3257.30,4556610000
Jul 20 2020,3224.29,3258.61,3215.16,3251.84,3251.84,3979340000
Jul 17 2020,3224.21,3233.52,3205.65,3224.73,3224.73,4012850000
Jul 16 2020,3208.36,3220.39,3198.59,3215.57,3215.57,3972860000
Jul 15 2020,3225.98,3238.28,3200.76,3226.56,3226.56,4686830000
Jul 14 2020,3141.11,3200.95,3127.66,3197.52,3197.52,4507140000
Jul 13 2020,3205.08,3235.32,3149.43,3155.22,3155.22,4902440000
Jul 10 2020,3152.47,3186.82,3136.22,3185.04,3185.04,4524190000
Jul 09 2020,3176.17,3179.78,3115.70,3152.05,3152.05,4843650000
Jul 08 2020,3153.07,3171.80,3136.53,3169.94,3169.94,4937310000
Jul 07 2020,3166.44,3184.15,3142.93,3145.32,3145.32,4571330000
Jul 06 2020,3155.29,3182.59,3155.29,3179.72,3179.72,4759160000
Jul 02 2020,3143.64,3165.81,3124.52,3130.01,3130.01,4197720000
Jul 01 2020,3105.92,3128.44,3101.17,3115.86,3115.86,4449230000
Jun 30 2020,3050.20,3111.51,3047.83,3100.29,3100.29,4705850000
Jun 29 2020,3018.59,3053.89,2999.74,3053.24,3053.24,4473970000
Jun 26 2020,3073.20,3073.73,3004.63,3009.05,3009.05,8107850000
Jun 25 2020,3046.60,3086.25,3024.01,3083.76,3083.76,4847690000
Jun 24 2020,3114.40,3115.01,3032.13,3050.33,3050.33,5597680000
Jun 23 2020,3138.70,3154.90,3127.12,3131.29,3131.29,4711850000
Jun 22 2020,3094.42,3120.92,3079.39,3117.86,3117.86,4686690000
Jun 19 2020,3140.29,3155.53,3083.11,3097.74,3097.74,8346650000
Jun 18 2020,3101.64,3120.00,3093.51,3115.34,3115.34,4448690000
Jun 17 2020,3136.13,3141.16,3108.03,3113.49,3113.49,4560450000
Jun 16 2020,3131.00,3153.45,3076.06,3124.74,3124.74,5845810000
Jun 15 2020,2993.76,3079.76,2965.66,3066.59,3066.59,5757480000
Jun 12 2020,3071.04,3088.42,2984.47,3041.31,3041.31,5845330000
Jun 11 2020,3123.53,3123.53,2999.49,3002.10,3002.10,7037320000
Jun 10 2020,3213.42,3223.27,3181.49,3190.14,3190.14,6598870000
Jun 09 2020,3213.32,3222.71,3193.11,3207.18,3207.18,6410930000
Jun 08 2020,3199.92,3233.13,3196.00,3232.39,3232.39,8498300000
Jun 05 2020,3163.84,3211.72,3163.84,3193.93,3193.93,8639300000
Jun 04 2020,3111.56,3128.91,3090.41,3112.35,3112.35,6451290000
Jun 03 2020,3098.90,3130.94,3098.90,3122.87,3122.87,6005560000
Jun 02 2020,3064.78,3081.07,3051.64,3080.82,3080.82,5197150000
Jun 01 2020,3038.78,3062.18,3031.54,3055.73,3055.73,4684170000
May 29 2020,3025.17,3049.17,2998.61,3044.31,3044.31,7297550000
May 28 2020,3046.61,3068.67,3023.40,3029.73,3029.73,5447020000
May 27 2020,3015.65,3036.25,2969.75,3036.13,3036.13,6398000000
May 26 2020,3004.08,3021.72,2988.17,2991.77,2991.77,5848500000
May 22 2020,2948.05,2956.76,2933.59,2955.45,2955.45,3970860000
May 21 2020,2969.95,2978.50,2938.57,2948.51,2948.51,4976620000
May 20 2020,2953.63,2980.29,2953.63,2971.61,2971.61,5005380000
May 19 2020,2948.59,2964.21,2922.35,2922.94,2922.94,4984330000
May 18 2020,2913.86,2968.09,2913.86,2953.91,2953.91,6373670000
May 15 2020,2829.95,2865.01,2816.78,2863.70,2863.70,5507700000
May 14 2020,2794.54,2852.80,2766.64,2852.50,2852.50,5651130000
May 13 2020,2865.86,2874.14,2793.15,2820.00,2820.00,6151650000
May 12 2020,2939.50,2945.82,2869.59,2870.12,2870.12,5119630000
May 11 2020,2915.46,2944.25,2903.44,2930.19,2930.19,4819730000
May 08 2020,2908.83,2932.16,2902.88,2929.80,2929.80,4876030000
May 07 2020,2878.26,2901.92,2876.48,2881.19,2881.19,5178790000
May 06 2020,2883.14,2891.11,2847.65,2848.42,2848.42,4892570000
May 05 2020,2868.88,2898.23,2863.55,2868.44,2868.44,5140290000
May 04 2020,2815.01,2844.24,2797.85,2842.74,2842.74,4735930000
May 01 2020,2869.09,2869.09,2821.61,2830.71,2830.71,4759810000
Apr 30 2020,2930.91,2930.91,2892.47,2912.43,2912.43,6544980000
Apr 29 2020,2918.46,2954.86,2912.16,2939.51,2939.51,6645640000
Apr 28 2020,2909.96,2921.15,2860.71,2863.39,2863.39,5691160000
Apr 27 2020,2854.65,2887.72,2852.89,2878.48,2878.48,5203930000
Apr 24 2020,2812.64,2842.71,2791.76,2836.74,2836.74,5382810000
Apr 23 2020,2810.42,2844.90,2794.26,2797.80,2797.80,5773530000
Apr 22 2020,2787.89,2815.10,2775.95,2799.31,2799.31,5084920000
Apr 21 2020,2784.81,2785.54,2727.10,2736.56,2736.56,5121010000
Apr 20 2020,2845.62,2868.98,2820.43,2823.16,2823.16,5228630000
Apr 17 2020,2842.43,2879.22,2830.88,2874.56,2874.56,5804810000
Apr 16 2020,2799.34,2806.51,2764.32,2799.55,2799.55,5228810000
Apr 15 2020,2795.64,2801.88,2761.54,2783.36,2783.36,5208000000
Apr 14 2020,2805.10,2851.85,2805.10,2846.06,2846.06,5615730000
Apr 13 2020,2782.46,2782.46,2721.17,2761.63,2761.63,5319530000
Apr 09 2020,2776.99,2818.57,2762.36,2789.82,2789.82,7899550000
Apr 08 2020,2685.00,2760.75,2663.30,2749.98,2749.98,5875710000
Apr 07 2020,2738.65,2756.89,2657.67,2659.41,2659.41,7050410000
Apr 06 2020,2578.28,2676.85,2574.57,2663.68,2663.68,6403840000
Apr 03 2020,2514.92,2538.18,2459.96,2488.65,2488.65,6096970000
Apr 02 2020,2458.54,2533.22,2455.79,2526.90,2526.90,6464190000
Apr 01 2020,2498.08,2522.75,2447.49,2470.50,2470.50,5964000000
Mar 31 2020,2614.69,2641.39,2571.15,2584.59,2584.59,6576210000
Mar 30 2020,2558.98,2631.80,2545.28,2626.65,2626.65,5751120000
Mar 27 2020,2555.87,2615.91,2520.02,2541.47,2541.47,6201670000
Mar 26 2020,2501.29,2637.01,2500.72,2630.07,2630.07,7766990000
Mar 25 2020,2457.77,2571.42,2407.53,2475.56,2475.56,8300010000
Mar 24 2020,2344.44,2449.71,2344.44,2447.33,2447.33,7563150000
Mar 23 2020,2290.71,2300.73,2191.86,2237.40,2237.40,7411380000
Mar 20 2020,2431.94,2453.01,2295.56,2304.92,2304.92,9053950000
Mar 19 2020,2393.48,2466.97,2319.78,2409.39,2409.39,7956100000
Mar 18 2020,2436.50,2453.57,2280.52,2398.10,2398.10,8799300000
Mar 17 2020,2425.66,2553.93,2367.04,2529.19,2529.19,8370250000
Mar 16 2020,2508.59,2562.98,2380.94,2386.13,2386.13,7805450000
Mar 13 2020,2569.99,2711.33,2492.37,2711.02,2711.02,8299070000
Mar 12 2020,2630.86,2660.95,2478.86,2480.64,2480.64,8850810000
Mar 11 2020,2825.60,2825.60,2707.22,2741.38,2741.38,7431200000
Mar 10 2020,2813.48,2882.59,2734.00,2882.23,2882.23,7642040000
Mar 09 2020,2863.89,2863.89,2734.43,2746.56,2746.56,8441290000
Mar 06 2020,2954.20,2985.93,2901.54,2972.37,2972.37,6555240000
Mar 05 2020,3075.70,3083.04,2999.83,3023.94,3023.94,5579290000
Mar 04 2020,3045.75,3130.97,3034.38,3130.12,3130.12,5073020000
Mar 03 2020,3096.46,3136.72,2976.63,3003.37,3003.37,6376510000
Mar 02 2020,2974.28,3090.96,2945.19,3090.23,3090.23,6381330000
Feb 28 2020,2916.90,2959.72,2855.84,2954.22,2954.22,8569570000
Feb 27 2020,3062.54,3097.07,2977.39,2978.76,2978.76,7064710000
Feb 26 2020,3139.90,3182.51,3108.99,3116.39,3116.39,5484650000
Feb 25 2020,3238.94,3246.99,3118.77,3128.21,3128.21,5596760000
Feb 24 2020,3257.61,3259.81,3214.65,3225.89,3225.89,4851160000
Feb 21 2020,3360.50,3360.76,3328.45,3337.75,3337.75,3908780000
Feb 20 2020,3380.45,3389.15,3341.02,3373.23,3373.23,4019180000
Feb 19 2020,3380.39,3393.52,3378.83,3386.15,3386.15,3614200000
Feb 18 2020,3369.04,3375.01,3355.61,3370.29,3370.29,3750400000
Feb 14 2020,3378.08,3380.69,3366.15,3380.16,3380.16,3419700000
Feb 13 2020,3365.90,3385.09,3360.52,3373.94,3373.94,3500890000
Feb 12 2020,3370.50,3381.47,3369.72,3379.45,3379.45,3930910000
Feb 11 2020,3365.87,3375.63,3352.72,3357.75,3357.75,3762940000
Feb 10 2020,3318.28,3352.26,3317.77,3352.09,3352.09,3462730000
Feb 07 2020,3335.54,3341.42,3322.12,3327.71,3327.71,3733920000
Feb 06 2020,3344.92,3347.96,3334.39,3345.78,3345.78,3887250000
Feb 05 2020,3324.91,3337.58,3313.75,3334.69,3334.69,4121480000
Feb 04 2020,3280.61,3306.92,3280.61,3297.59,3297.59,3996900000
Feb 03 2020,3235.66,3268.44,3235.66,3248.92,3248.92,3760460000
Jan 31 2020,3282.33,3282.33,3214.68,3225.52,3225.52,4529700000
Jan 30 2020,3256.45,3285.91,3242.80,3283.66,3283.66,3790350000
Jan 29 2020,3289.46,3293.47,3271.89,3273.40,3273.40,3600250000
Jan 28 2020,3255.35,3285.78,3253.22,3276.24,3276.24,3531570000
Jan 27 2020,3247.16,3258.85,3234.50,3243.63,3243.63,3831050000
Jan 24 2020,3333.10,3333.18,3281.53,3295.47,3295.47,3708780000
Jan 23 2020,3315.77,3326.88,3301.87,3325.54,3325.54,3766710000
Jan 22 2020,3330.02,3337.77,3320.04,3321.75,3321.75,3623780000
Jan 21 2020,3321.03,3329.79,3316.61,3320.79,3320.79,4104840000
Jan 17 2020,3323.66,3329.88,3318.86,3329.62,3329.62,3726220000
Jan 16 2020,3302.97,3317.11,3302.82,3316.81,3316.81,3540580000
Jan 15 2020,3282.27,3298.66,3280.69,3289.29,3289.29,3721490000
Jan 14 2020,3285.35,3294.25,3277.19,3283.15,3283.15,3687620000
Jan 13 2020,3271.13,3288.13,3268.43,3288.13,3288.13,3459390000
Jan 10 2020,3281.81,3282.99,3260.86,3265.35,3265.35,3214580000
Jan 09 2020,3266.03,3275.58,3263.67,3274.70,3274.70,3641230000
Jan 08 2020,3238.59,3267.07,3236.67,3253.05,3253.05,3726840000
Jan 07 2020,3241.86,3244.91,3232.43,3237.18,3237.18,3435910000
Jan 06 2020,3217.55,3246.84,3214.64,3246.28,3246.28,3702460000
Jan 03 2020,3226.36,3246.15,3222.34,3234.85,3234.85,3484700000
Jan 02 2020,3244.67,3258.14,3235.53,3257.85,3257.85,3459930000
Dec 31 2019,3215.18,3231.72,3212.03,3230.78,3230.78,2894760000
Dec 30 2019,3240.09,3240.92,3216.57,3221.29,3221.29,3021720000
Dec 27 2019,3247.23,3247.93,3234.37,3240.02,3240.02,2429150000
Dec 26 2019,3227.20,3240.08,3227.20,3239.91,3239.91,2164540000
Dec 24 2019,3225.45,3226.43,3220.51,3223.38,3223.38,1296530000
Dec 23 2019,3226.05,3227.78,3222.30,3224.01,3224.01,3064530000
Dec 20 2019,3223.33,3225.65,3216.03,3221.22,3221.22,6457480000
Dec 19 2019,3192.32,3205.48,3192.32,3205.37,3205.37,3784360000
Dec 18 2019,3195.21,3198.48,3191.14,3191.14,3191.14,4029950000
Dec 17 2019,3195.40,3198.22,3191.03,3192.52,3192.52,3842940000
Dec 16 2019,3183.63,3197.71,3183.63,3191.45,3191.45,4070200000
Dec 13 2019,3166.65,3182.68,3156.51,3168.80,3168.80,3757650000
Dec 12 2019,3141.23,3176.28,3138.47,3168.57,3168.57,4003200000
Dec 11 2019,3135.75,3143.98,3133.21,3141.63,3141.63,3257650000
Dec 10 2019,3135.36,3142.12,3126.09,3132.52,3132.52,3346310000
Dec 09 2019,3141.86,3148.87,3135.46,3135.96,3135.96,3400470000
Dec 06 2019,3134.62,3150.60,3134.62,3145.91,3145.91,3483310000
Dec 05 2019,3119.21,3119.45,3103.76,3117.43,3117.43,3360480000
Dec 04 2019,3103.50,3119.38,3102.53,3112.76,3112.76,3702980000
Dec 03 2019,3087.41,3094.97,3070.33,3093.20,3093.20,3671580000
Dec 02 2019,3143.85,3144.31,3110.78,3113.87,3113.87,3285750000
Nov 29 2019,3147.18,3150.30,3139.34,3140.98,3140.98,1743420000
Nov 27 2019,3145.49,3154.26,3143.41,3153.63,3153.63,3035470000
Nov 26 2019,3134.85,3142.69,3131.00,3140.52,3140.52,4600450000
Nov 25 2019,3117.44,3133.83,3117.44,3133.64,3133.64,3514310000
Nov 22 2019,3111.41,3112.87,3099.26,3110.29,3110.29,3235270000
Nov 21 2019,3108.49,3110.11,3094.55,3103.54,3103.54,3744010000
Nov 20 2019,3114.66,3118.97,3091.41,3108.46,3108.46,4041010000
Nov 19 2019,3127.45,3127.64,3113.47,3120.18,3120.18,3613670000
Nov 18 2019,3117.91,3124.17,3112.06,3122.03,3122.03,3440140000
Nov 15 2019,3107.92,3120.46,3104.60,3120.46,3120.46,3359800000
Nov 14 2019,3090.75,3098.20,3083.26,3096.63,3096.63,3282090000
Nov 13 2019,3084.18,3098.06,3078.80,3094.04,3094.04,3513720000
Nov 12 2019,3089.28,3102.61,3084.73,3091.84,3091.84,3495560000
Nov 11 2019,3080.33,3088.33,3075.82,3087.01,3087.01,3041120000
Nov 08 2019,3081.25,3093.09,3073.58,3093.08,3093.08,3508160000
Nov 07 2019,3087.02,3097.77,3080.23,3085.18,3085.18,4151990000
Nov 06 2019,3075.10,3078.34,3065.89,3076.78,3076.78,4465510000
Nov 05 2019,3080.80,3083.95,3072.15,3074.62,3074.62,4490590000
Nov 04 2019,3078.96,3085.20,3074.87,3078.27,3078.27,4178040000
Nov 01 2019,3050.72,3066.95,3050.72,3066.91,3066.91,3956290000
Oct 31 2019,3046.90,3046.90,3023.19,3037.56,3037.56,4149310000
Oct 30 2019,3039.74,3050.10,3025.96,3046.77,3046.77,3779660000
Oct 29 2019,3035.39,3047.87,3034.81,3036.89,3036.89,3594430000
Oct 28 2019,3032.12,3044.08,3032.12,3039.42,3039.42,3524970000
Oct 25 2019,3003.32,3027.39,3001.94,3022.55,3022.55,3379060000
Oct 24 2019,3014.78,3016.07,3000.42,3010.29,3010.29,3696510000
Oct 23 2019,2994.01,3004.78,2991.21,3004.52,3004.52,3413600000
Oct 22 2019,3010.73,3014.57,2995.04,2995.99,2995.99,3527540000
Oct 21 2019,2996.48,3007.33,2995.35,3006.72,3006.72,3271960000
Oct 18 2019,2996.84,3000.00,2976.31,2986.20,2986.20,3268970000
Oct 17 2019,3000.77,3008.29,2991.79,2997.95,2997.95,3103470000
Oct 16 2019,2989.68,2997.54,2985.20,2989.69,2989.69,3230320000
Oct 15 2019,2973.61,3003.28,2973.61,2995.68,2995.68,3345090000
Oct 14 2019,2965.81,2972.84,2962.94,2966.15,2966.15,2559270000
Oct 11 2019,2963.07,2993.28,2963.07,2970.27,2970.27,3581320000
Oct 10 2019,2918.55,2948.46,2917.12,2938.13,2938.13,3234400000
Oct 09 2019,2911.10,2929.32,2907.41,2919.40,2919.40,2735350000
Oct 08 2019,2920.40,2925.47,2892.66,2893.06,2893.06,3370700000
Oct 07 2019,2944.23,2959.75,2935.68,2938.79,2938.79,2959050000
Oct 04 2019,2918.56,2953.74,2918.56,2952.01,2952.01,3005600000
Oct 03 2019,2885.38,2911.13,2855.94,2910.63,2910.63,3515130000
Oct 02 2019,2924.78,2924.78,2874.93,2887.61,2887.61,3914180000
Oct 01 2019,2983.69,2992.53,2938.70,2940.25,2940.25,3560750000
Sep 30 2019,2967.07,2983.85,2967.07,2976.74,2976.74,3249130000
Sep 27 2019,2985.47,2987.31,2945.53,2961.79,2961.79,3246480000
Sep 26 2019,2985.73,2987.28,2963.71,2977.62,2977.62,3084910000
Sep 25 2019,2968.35,2989.82,2952.86,2984.87,2984.87,3331200000
Sep 24 2019,3002.43,3007.98,2957.73,2966.60,2966.60,3872800000
Sep 23 2019,2983.50,2999.15,2982.23,2991.78,2991.78,3187250000
Sep 20 2019,3008.42,3016.37,2984.68,2992.07,2992.07,6103440000
Sep 19 2019,3010.36,3021.99,3003.16,3006.79,3006.79,3265660000
Sep 18 2019,3001.50,3007.83,2978.57,3006.73,3006.73,3458800000
Sep 17 2019,2995.67,3006.21,2993.73,3005.70,3005.70,3673250000
Sep 16 2019,2996.41,3002.19,2990.67,2997.96,2997.96,4285860000
Sep 13 2019,3012.21,3017.33,3002.90,3007.39,3007.39,3557010000
Sep 12 2019,3009.08,3020.74,3000.92,3009.57,3009.57,3796990000
Sep 11 2019,2981.41,3000.93,2975.31,3000.93,3000.93,3934370000
Sep 10 2019,2971.01,2979.39,2957.01,2979.39,2979.39,4393040000
Sep 09 2019,2988.43,2989.43,2969.39,2978.43,2978.43,4031120000
Sep 06 2019,2980.33,2985.03,2972.51,2978.71,2978.71,3209340000
Sep 05 2019,2960.60,2985.86,2960.60,2976.00,2976.00,3902600000
Sep 04 2019,2924.67,2938.84,2921.86,2937.78,2937.78,3167900000
Sep 03 2019,2909.01,2914.39,2891.85,2906.27,2906.27,3427830000
Aug 30 2019,2937.09,2940.43,2913.32,2926.46,2926.46,3009910000
Aug 29 2019,2910.37,2930.50,2905.67,2924.58,2924.58,3177150000
Aug 28 2019,2861.28,2890.03,2853.05,2887.94,2887.94,3102480000
Aug 27 2019,2893.14,2898.79,2860.59,2869.16,2869.16,3537490000
Aug 26 2019,2866.70,2879.27,2856.00,2878.38,2878.38,2859790000
Aug 23 2019,2911.07,2927.01,2834.97,2847.11,2847.11,3942520000
Aug 22 2019,2930.94,2939.08,2904.51,2922.95,2922.95,2893660000
Aug 21 2019,2922.04,2928.73,2917.91,2924.43,2924.43,3016540000
Aug 20 2019,2919.01,2923.63,2899.60,2900.51,2900.51,3067710000
Aug 19 2019,2913.48,2931.00,2913.48,2923.65,2923.65,3221050000
Aug 16 2019,2864.74,2893.63,2864.74,2888.68,2888.68,3524080000
Aug 15 2019,2846.20,2856.67,2825.51,2847.60,2847.60,4041720000
Aug 14 2019,2894.15,2894.15,2839.64,2840.60,2840.60,4325150000
Aug 13 2019,2880.72,2943.31,2877.05,2926.32,2926.32,3857190000
Aug 12 2019,2907.07,2907.58,2873.14,2882.70,2882.70,3328570000
Aug 09 2019,2930.51,2935.75,2900.15,2918.65,2918.65,3356850000
Aug 08 2019,2896.21,2938.72,2894.47,2938.09,2938.09,4118530000
Aug 07 2019,2858.65,2892.17,2825.71,2883.98,2883.98,4512720000
Aug 06 2019,2861.18,2884.40,2847.42,2881.77,2881.77,4156640000
Aug 05 2019,2898.07,2898.07,2822.12,2844.74,2844.74,4542850000
Aug 02 2019,2943.90,2945.50,2914.11,2932.05,2932.05,3882810000
Aug 01 2019,2980.32,3013.59,2945.23,2953.56,2953.56,4793810000
Jul 31 2019,3016.22,3017.40,2958.08,2980.38,2980.38,4626330000
Jul 30 2019,3007.66,3017.19,3000.94,3013.18,3013.18,3632770000
Jul 29 2019,3024.47,3025.61,3014.30,3020.97,3020.97,3224490000
Jul 26 2019,3013.25,3027.98,3012.59,3025.86,3025.86,3260170000
Jul 25 2019,3016.26,3016.31,2997.24,3003.67,3003.67,3657050000
Jul 24 2019,2998.77,3019.59,2996.82,3019.56,3019.56,3433220000
Jul 23 2019,2994.74,3005.90,2988.56,3005.47,3005.47,3333810000
Jul 22 2019,2981.93,2990.71,2976.65,2985.03,2985.03,3016200000
Jul 19 2019,3004.26,3006.02,2975.86,2976.61,2976.61,3285890000
Jul 18 2019,2978.87,2998.28,2973.09,2995.11,2995.11,3369820000
Jul 17 2019,3005.10,3005.26,2984.25,2984.42,2984.42,3185650000
Jul 16 2019,3012.13,3015.02,3001.15,3004.04,3004.04,3297030000
Jul 15 2019,3017.80,3017.80,3008.77,3014.30,3014.30,2876100000
Jul 12 2019,3003.36,3013.92,3001.87,3013.77,3013.77,2984140000
Jul 11 2019,2999.62,3002.33,2988.80,2999.91,2999.91,3155710000
Jul 10 2019,2989.30,3002.98,2984.62,2993.07,2993.07,3157800000
Jul 09 2019,2965.52,2981.90,2963.44,2979.63,2979.63,3033330000
Jul 08 2019,2979.77,2980.76,2970.09,2975.95,2975.95,2922360000
Jul 05 2019,2984.25,2994.03,2967.97,2990.41,2990.41,2434680000
Jul 03 2019,2978.08,2995.84,2977.96,2995.82,2995.82,1963570000
Jul 02 2019,2964.66,2973.21,2955.92,2973.01,2973.01,3224490000
Jul 01 2019,2971.41,2977.93,2952.22,2964.33,2964.33,3524860000
Jun 28 2019,2932.94,2943.98,2929.05,2941.76,2941.76,5422650000
Jun 27 2019,2919.66,2929.30,2918.57,2924.92,2924.92,3162500000
Jun 26 2019,2926.07,2932.59,2912.99,2913.78,2913.78,3511350000
Jun 25 2019,2945.78,2946.52,2916.01,2917.38,2917.38,3579430000
Jun 24 2019,2951.42,2954.92,2944.05,2945.35,2945.35,3136960000
Jun 21 2019,2952.71,2964.15,2946.87,2950.46,2950.46,5003540000
Jun 20 2019,2949.60,2958.06,2931.50,2954.18,2954.18,3943060000
Jun 19 2019,2920.55,2931.74,2911.43,2926.46,2926.46,3300220000
Jun 18 2019,2906.71,2930.79,2905.44,2917.75,2917.75,3441540000
Jun 17 2019,2889.75,2897.27,2887.30,2889.67,2889.67,2828400000
Jun 14 2019,2886.82,2894.45,2879.62,2886.98,2886.98,2992810000
Jun 13 2019,2886.24,2895.24,2881.99,2891.64,2891.64,3100640000
Jun 12 2019,2882.73,2888.57,2874.68,2879.84,2879.84,3039870000
Jun 11 2019,2903.27,2910.61,2878.53,2885.72,2885.72,3551000000
Jun 10 2019,2885.83,2904.77,2885.51,2886.73,2886.73,3209890000
Jun 07 2019,2852.87,2884.97,2852.87,2873.34,2873.34,3244380000
Jun 06 2019,2828.51,2852.10,2822.45,2843.49,2843.49,3445140000
Jun 05 2019,2818.09,2827.28,2800.92,2826.15,2826.15,3570760000
Jun 04 2019,2762.64,2804.49,2762.64,2803.27,2803.27,3814130000
Jun 03 2019,2751.53,2763.07,2728.81,2744.45,2744.45,3952360000
May 31 2019,2766.15,2768.98,2750.52,2752.06,2752.06,3982670000
May 30 2019,2786.94,2799.00,2776.74,2788.86,2788.86,3276030000
May 29 2019,2790.25,2792.03,2766.06,2783.02,2783.02,3701110000
May 28 2019,2830.03,2840.51,2801.58,2802.39,2802.39,4146980000
May 24 2019,2832.41,2841.36,2820.19,2826.06,2826.06,2889230000
May 23 2019,2836.70,2836.70,2805.49,2822.24,2822.24,3899320000
May 22 2019,2856.06,2865.47,2851.11,2856.27,2856.27,3194000000
May 21 2019,2854.02,2868.88,2854.02,2864.36,2864.36,3223050000
May 20 2019,2841.94,2853.86,2831.29,2840.23,2840.23,3293750000
May 17 2019,2858.60,2885.48,2854.23,2859.53,2859.53,3316040000
May 16 2019,2855.80,2892.15,2855.80,2876.32,2876.32,3338470000
May 15 2019,2820.38,2858.68,2815.08,2850.96,2850.96,3140900000
May 14 2019,2820.12,2852.54,2820.12,2834.41,2834.41,3354860000
May 13 2019,2840.19,2840.19,2801.43,2811.87,2811.87,3900270000
May 10 2019,2863.10,2891.31,2825.39,2881.40,2881.40,3566780000
May 09 2019,2859.84,2875.97,2836.40,2870.72,2870.72,3659050000
May 08 2019,2879.61,2897.96,2873.28,2879.42,2879.42,3543110000
May 07 2019,2913.03,2913.03,2862.60,2884.05,2884.05,3793060000
May 06 2019,2908.89,2937.32,2898.21,2932.47,2932.47,3203260000
May 03 2019,2929.21,2947.85,2929.21,2945.64,2945.64,3357180000
May 02 2019,2922.16,2931.68,2900.50,2917.52,2917.52,3802290000
May 01 2019,2952.33,2954.13,2923.36,2923.73,2923.73,3669330000
Apr 30 2019,2937.14,2948.22,2924.11,2945.83,2945.83,3939760000
Apr 29 2019,2940.58,2949.52,2939.35,2943.03,2943.03,3150390000
Apr 26 2019,2925.81,2939.88,2917.56,2939.88,2939.88,3264390000
Apr 25 2019,2928.99,2933.10,2912.84,2926.17,2926.17,3440010000
Apr 24 2019,2934.00,2936.83,2926.05,2927.25,2927.25,3468480000
Apr 23 2019,2909.99,2936.31,2908.53,2933.68,2933.68,3674480000
Apr 22 2019,2898.78,2909.51,2896.35,2907.97,2907.97,3010130000
Apr 18 2019,2904.81,2908.40,2891.90,2905.03,2905.03,3507100000
Apr 17 2019,2916.04,2918.00,2895.45,2900.45,2900.45,3648100000
Apr 16 2019,2912.26,2916.06,2900.71,2907.06,2907.06,3403120000
Apr 15 2019,2908.32,2909.60,2896.48,2905.58,2905.58,3114530000
Apr 12 2019,2900.86,2910.54,2898.37,2907.41,2907.41,3726050000
Apr 11 2019,2891.92,2893.42,2881.99,2888.32,2888.32,2970650000
Apr 10 2019,2881.37,2889.71,2879.13,2888.21,2888.21,3092230000
Apr 09 2019,2886.58,2886.88,2873.33,2878.20,2878.20,3032480000
Apr 08 2019,2888.46,2895.95,2880.78,2895.77,2895.77,3056460000
Apr 05 2019,2884.16,2893.24,2882.99,2892.74,2892.74,3155970000
Apr 04 2019,2873.99,2881.28,2867.14,2879.39,2879.39,3038740000
Apr 03 2019,2876.09,2885.25,2865.17,2873.40,2873.40,3570000000
Apr 02 2019,2868.24,2872.90,2858.75,2867.24,2867.24,3267210000
Apr 01 2019,2848.63,2869.40,2848.63,2867.19,2867.19,3560090000
Mar 29 2019,2828.27,2836.03,2819.23,2834.40,2834.40,3752520000
Mar 28 2019,2809.40,2819.71,2798.77,2815.44,2815.44,3185460000
Mar 27 2019,2819.72,2825.56,2787.72,2805.37,2805.37,3422400000
Mar 26 2019,2812.66,2829.87,2803.99,2818.46,2818.46,3288570000
Mar 25 2019,2796.01,2809.79,2785.02,2798.36,2798.36,3406110000
Mar 22 2019,2844.52,2846.16,2800.47,2800.71,2800.71,4253730000
Mar 21 2019,2819.72,2860.31,2817.38,2854.88,2854.88,3612620000
Mar 20 2019,2831.34,2843.54,2812.43,2824.23,2824.23,3779160000
Mar 19 2019,2840.76,2852.42,2823.27,2832.57,2832.57,3650740000
Mar 18 2019,2822.61,2835.41,2821.99,2832.94,2832.94,3620770000
Mar 15 2019,2810.79,2830.73,2810.79,2822.48,2822.48,5969780000
Mar 14 2019,2810.38,2815.00,2803.46,2808.48,2808.48,3505670000
Mar 13 2019,2799.78,2821.24,2799.78,2810.92,2810.92,3782250000
Mar 12 2019,2787.34,2798.32,2786.73,2791.52,2791.52,3432340000
Mar 11 2019,2747.61,2784.00,2747.61,2783.30,2783.30,3764850000
Mar 08 2019,2730.79,2744.13,2722.27,2743.07,2743.07,3424300000
Mar 07 2019,2766.53,2767.25,2739.09,2748.93,2748.93,3932150000
Mar 06 2019,2790.27,2790.27,2768.69,2771.45,2771.45,3800180000
Mar 05 2019,2794.41,2796.44,2782.97,2789.65,2789.65,3631380000
Mar 04 2019,2814.37,2816.88,2767.66,2792.81,2792.81,3949730000
Mar 01 2019,2798.22,2808.02,2787.38,2803.69,2803.69,3994950000
Feb 28 2019,2788.11,2793.73,2782.51,2784.49,2784.49,4445780000
Feb 27 2019,2787.50,2795.76,2775.13,2792.38,2792.38,3771790000
Feb 26 2019,2792.36,2803.12,2789.47,2793.90,2793.90,3676200000
Feb 25 2019,2804.35,2813.49,2794.99,2796.11,2796.11,3860260000
Feb 22 2019,2780.67,2794.20,2779.11,2792.67,2792.67,3429350000
Feb 21 2019,2780.24,2781.58,2764.55,2774.88,2774.88,3598260000
Feb 20 2019,2779.05,2789.88,2774.06,2784.70,2784.70,3904830000
Feb 19 2019,2769.28,2787.33,2767.29,2779.76,2779.76,3535270000
Feb 15 2019,2760.24,2775.66,2760.24,2775.60,2775.60,3648680000
Feb 14 2019,2743.50,2757.90,2731.23,2745.73,2745.73,3845390000
Feb 13 2019,2750.30,2761.85,2748.63,2753.03,2753.03,3684910000
Feb 12 2019,2722.61,2748.19,2722.61,2744.73,2744.73,3843020000
Feb 11 2019,2712.40,2718.05,2703.79,2709.80,2709.80,3395330000
Feb 08 2019,2692.36,2708.07,2681.83,2707.88,2707.88,3649510000
Feb 07 2019,2717.53,2719.32,2687.26,2706.05,2706.05,4114040000
Feb 06 2019,2735.05,2738.08,2724.15,2731.61,2731.61,3486590000
Feb 05 2019,2728.34,2738.98,2724.03,2737.70,2737.70,3597620000
Feb 04 2019,2706.49,2724.99,2698.75,2724.87,2724.87,3369450000
Feb 01 2019,2702.32,2716.66,2696.88,2706.53,2706.53,3782490000
Jan 31 2019,2685.49,2708.95,2678.65,2704.10,2704.10,4953800000
Jan 30 2019,2653.62,2690.44,2648.34,2681.05,2681.05,3883270000
Jan 29 2019,2644.89,2650.93,2631.05,2640.00,2640.00,3518070000
Jan 28 2019,2644.97,2644.97,2624.06,2643.85,2643.85,3630820000
Jan 25 2019,2657.44,2672.38,2657.33,2664.76,2664.76,3821000000
Jan 24 2019,2638.84,2647.20,2627.01,2642.33,2642.33,3449230000
Jan 23 2019,2643.48,2653.19,2612.86,2638.70,2638.70,3358770000
Jan 22 2019,2657.88,2657.88,2617.27,2632.90,2632.90,3923950000
Jan 18 2019,2651.27,2675.47,2647.58,2670.71,2670.71,4009010000
Jan 17 2019,2609.28,2645.06,2606.36,2635.96,2635.96,3802410000
Jan 16 2019,2614.75,2625.76,2612.68,2616.10,2616.10,3882180000
Jan 15 2019,2585.10,2613.08,2585.10,2610.30,2610.30,3601180000
Jan 14 2019,2580.31,2589.32,2570.41,2582.61,2582.61,3689370000
Jan 11 2019,2588.11,2596.27,2577.40,2596.26,2596.26,3447460000
Jan 10 2019,2573.51,2597.82,2562.02,2596.64,2596.64,3721300000
Jan 09 2019,2580.00,2595.32,2568.89,2584.96,2584.96,4088740000
Jan 08 2019,2568.11,2579.82,2547.56,2574.41,2574.41,4120060000
Jan 07 2019,2535.61,2566.16,2524.56,2549.69,2549.69,4133120000
Jan 04 2019,2474.33,2538.07,2474.33,2531.94,2531.94,4234140000
Jan 03 2019,2491.92,2493.14,2443.96,2447.89,2447.89,3858830000
Jan 02 2019,2476.96,2519.49,2467.47,2510.03,2510.03,3733160000
Dec 31 2018,2498.94,2509.24,2482.82,2506.85,2506.85,3461920000
Dec 28 2018,2498.77,2520.27,2472.89,2485.74,2485.74,3728440000
Dec 27 2018,2442.50,2489.10,2397.94,2488.83,2488.83,4139010000
Dec 26 2018,2363.12,2467.76,2346.58,2467.70,2467.70,4249740000
Dec 24 2018,2400.56,2410.34,2351.10,2351.10,2351.10,2613670000
Dec 21 2018,2465.38,2504.41,2408.55,2416.62,2416.62,7657890000
Dec 20 2018,2496.77,2509.63,2441.18,2467.42,2467.42,5619780000
Dec 19 2018,2547.05,2585.29,2488.96,2506.96,2506.96,5152830000
Dec 18 2018,2559.90,2573.99,2528.71,2546.16,2546.16,4519190000
Dec 17 2018,2590.75,2601.13,2530.54,2545.94,2545.94,4661420000
Dec 14 2018,2629.68,2635.07,2593.84,2599.95,2599.95,4064370000
Dec 13 2018,2658.70,2670.19,2637.27,2650.54,2650.54,3978340000
Dec 12 2018,2658.23,2685.44,2650.26,2651.07,2651.07,4029300000
Dec 11 2018,2664.44,2674.35,2621.30,2636.78,2636.78,3963440000
Dec 10 2018,2630.86,2647.51,2583.23,2637.72,2637.72,4162880000
Dec 07 2018,2691.26,2708.54,2623.14,2633.08,2633.08,4242240000
Dec 06 2018,2663.51,2696.15,2621.53,2695.95,2695.95,5180430000
Dec 04 2018,2782.43,2785.93,2697.18,2700.06,2700.06,4515710000
Dec 03 2018,2790.50,2800.18,2773.38,2790.37,2790.37,4221580000
Nov 30 2018,2737.76,2760.88,2732.76,2760.17,2760.17,4668310000
Nov 29 2018,2736.97,2753.75,2722.94,2737.80,2737.80,3599200000
Nov 28 2018,2691.45,2744.00,2684.38,2743.79,2743.79,3984540000
Nov 27 2018,2663.75,2682.53,2655.89,2682.17,2682.17,3494380000
Nov 26 2018,2649.97,2674.35,2649.97,2673.45,2673.45,3523520000
Nov 23 2018,2633.36,2647.55,2631.09,2632.56,2632.56,1651680000
Nov 21 2018,2657.74,2670.73,2649.82,2649.93,2649.93,3237400000
Nov 20 2018,2654.60,2669.44,2631.52,2641.89,2641.89,4370820000
Nov 19 2018,2730.74,2733.16,2681.09,2690.73,2690.73,3806940000
Nov 16 2018,2718.54,2746.75,2712.16,2736.27,2736.27,3996970000
Nov 15 2018,2693.52,2735.38,2670.75,2730.20,2730.20,4204960000
Nov 14 2018,2737.90,2746.80,2685.75,2701.58,2701.58,4449060000
Nov 13 2018,2730.05,2754.60,2714.98,2722.18,2722.18,4112820000
Nov 12 2018,2773.93,2775.99,2722.00,2726.22,2726.22,3701570000
Nov 09 2018,2794.10,2794.10,2764.24,2781.01,2781.01,4029030000
Nov 08 2018,2806.38,2814.75,2794.99,2806.83,2806.83,3673550000
Nov 07 2018,2774.13,2815.15,2774.13,2813.89,2813.89,3929080000
Nov 06 2018,2738.40,2756.82,2737.08,2755.45,2755.45,3543800000
Nov 05 2018,2726.37,2744.27,2717.94,2738.31,2738.31,3650910000
Nov 02 2018,2745.45,2756.55,2700.44,2723.06,2723.06,4261230000
Nov 01 2018,2717.58,2741.67,2708.85,2740.37,2740.37,4730250000
Oct 31 2018,2705.60,2736.69,2705.60,2711.74,2711.74,5133380000
Oct 30 2018,2640.68,2685.43,2635.34,2682.63,2682.63,5125600000
Oct 29 2018,2682.65,2706.85,2603.54,2641.25,2641.25,4701260000
Oct 26 2018,2667.86,2692.38,2628.16,2658.69,2658.69,4804330000
Oct 25 2018,2674.88,2722.70,2667.84,2705.57,2705.57,4663930000
Oct 24 2018,2737.87,2742.59,2651.89,2656.10,2656.10,4738670000
Oct 23 2018,2721.03,2753.59,2691.43,2740.69,2740.69,4373710000
Oct 22 2018,2773.94,2778.94,2749.22,2755.88,2755.88,3331270000
Oct 19 2018,2775.66,2797.77,2760.27,2767.78,2767.78,3593940000
Oct 18 2018,2802.00,2806.04,2755.18,2768.78,2768.78,3639300000
Oct 17 2018,2811.67,2816.94,2781.81,2809.21,2809.21,3347090000
Oct 16 2018,2767.05,2813.46,2766.91,2809.92,2809.92,3460260000
Oct 15 2018,2763.83,2775.99,2749.03,2750.79,2750.79,3327160000
Oct 12 2018,2770.54,2775.77,2729.44,2767.13,2767.13,4024010000
Oct 11 2018,2776.87,2795.14,2710.51,2728.37,2728.37,4914090000
Oct 10 2018,2873.90,2874.02,2784.86,2785.68,2785.68,4554260000
Oct 09 2018,2882.51,2894.83,2874.27,2880.34,2880.34,3531690000
Oct 08 2018,2877.53,2889.45,2862.08,2884.43,2884.43,3381820000
Oct 05 2018,2902.54,2909.64,2869.29,2885.57,2885.57,3340820000
Oct 04 2018,2919.35,2919.78,2883.92,2901.61,2901.61,3510370000
Oct 03 2018,2931.69,2939.86,2921.36,2925.51,2925.51,3625510000
Oct 02 2018,2923.80,2931.42,2919.37,2923.43,2923.43,3432620000
Oct 01 2018,2926.29,2937.06,2917.91,2924.59,2924.59,3375890000
Sep 28 2018,2910.03,2920.53,2907.50,2913.98,2913.98,3461680000
Sep 27 2018,2911.65,2927.22,2909.27,2914.00,2914.00,3101360000
Sep 26 2018,2916.98,2931.15,2903.28,2905.97,2905.97,3417540000
Sep 25 2018,2921.75,2923.95,2913.70,2915.56,2915.56,3330880000
Sep 24 2018,2921.83,2923.79,2912.63,2919.37,2919.37,3392030000
Sep 21 2018,2936.76,2940.91,2927.11,2929.67,2929.67,5652470000
Sep 20 2018,2919.73,2934.80,2919.73,2930.75,2930.75,3406520000
Sep 19 2018,2906.60,2912.36,2903.82,2907.95,2907.95,3302460000
Sep 18 2018,2890.74,2911.17,2890.43,2904.31,2904.31,3091190000
Sep 17 2018,2903.83,2904.65,2886.16,2888.80,2888.80,2967980000
Sep 14 2018,2906.38,2908.30,2895.77,2904.98,2904.98,3179410000
Sep 13 2018,2896.85,2906.76,2896.39,2904.18,2904.18,3274090000
Sep 12 2018,2888.29,2894.65,2879.20,2888.92,2888.92,3341280000
Sep 11 2018,2871.57,2892.52,2866.78,2887.89,2887.89,2904500000
Sep 10 2018,2881.39,2886.93,2875.94,2877.13,2877.13,2751100000
Sep 07 2018,2868.26,2883.81,2864.12,2871.68,2871.68,2976580000
Sep 06 2018,2888.64,2892.05,2867.29,2878.05,2878.05,3144240000
Sep 05 2018,2891.59,2894.21,2876.92,2888.60,2888.60,3248780000
Sep 04 2018,2896.96,2900.18,2885.13,2896.72,2896.72,3087420000
Aug 31 2018,2898.37,2906.32,2891.73,2901.52,2901.52,2887220000
Aug 30 2018,2908.94,2912.46,2895.22,2901.13,2901.13,2810450000
Aug 29 2018,2900.62,2916.50,2898.40,2914.04,2914.04,2805520000
Aug 28 2018,2901.45,2903.77,2893.50,2897.52,2897.52,2687770000
Aug 27 2018,2884.69,2898.25,2884.69,2896.74,2896.74,2865070000
Aug 24 2018,2862.35,2876.16,2862.35,2874.69,2874.69,2603010000
Aug 23 2018,2860.29,2868.78,2854.03,2856.98,2856.98,2724450000
Aug 22 2018,2860.99,2867.54,2856.05,2861.82,2861.82,2701250000
Aug 21 2018,2861.51,2873.23,2861.32,2862.96,2862.96,3174010000
Aug 20 2018,2853.93,2859.76,2850.62,2857.05,2857.05,2757150000
Aug 17 2018,2838.32,2855.63,2833.73,2850.13,2850.13,3037640000
Aug 16 2018,2831.44,2850.49,2831.44,2840.69,2840.69,3232000000
Aug 15 2018,2827.95,2827.95,2802.49,2818.37,2818.37,3656680000
Aug 14 2018,2827.88,2843.11,2826.58,2839.96,2839.96,2986500000
Aug 13 2018,2835.46,2843.40,2819.88,2821.93,2821.93,3173630000
Aug 10 2018,2838.90,2842.20,2825.81,2833.28,2833.28,3265590000
Aug 09 2018,2857.19,2862.48,2851.98,2853.58,2853.58,3066180000
Aug 08 2018,2856.79,2862.44,2853.09,2857.70,2857.70,2978070000
Aug 07 2018,2855.92,2863.43,2855.92,2858.45,2858.45,3185440000
Aug 06 2018,2840.29,2853.29,2835.98,2850.40,2850.40,2879020000
Aug 03 2018,2829.62,2840.38,2827.37,2840.35,2840.35,3043690000
Aug 02 2018,2800.48,2829.91,2796.34,2827.22,2827.22,3501380000
Aug 01 2018,2821.17,2825.83,2805.85,2813.36,2813.36,3501350000
Jul 31 2018,2809.73,2824.46,2808.06,2816.29,2816.29,3906890000
Jul 30 2018,2819.00,2821.74,2798.11,2802.60,2802.60,3261190000
Jul 27 2018,2842.35,2843.17,2808.34,2818.82,2818.82,3434370000
Jul 26 2018,2835.49,2845.57,2835.26,2837.44,2837.44,3667290000
Jul 25 2018,2817.73,2848.03,2817.73,2846.07,2846.07,3584400000
Jul 24 2018,2820.68,2829.99,2811.12,2820.40,2820.40,3430410000
Jul 23 2018,2799.17,2808.61,2795.14,2806.98,2806.98,2928490000
Jul 20 2018,2804.55,2809.70,2800.01,2801.83,2801.83,3243250000
Jul 19 2018,2809.37,2812.05,2799.77,2804.49,2804.49,3278360000
Jul 18 2018,2811.35,2816.76,2805.89,2815.62,2815.62,3111560000
Jul 17 2018,2789.34,2814.19,2789.24,2809.55,2809.55,3064920000
Jul 16 2018,2797.36,2801.19,2793.39,2798.43,2798.43,2819860000
Jul 13 2018,2796.93,2804.53,2791.69,2801.31,2801.31,2619790000
Jul 12 2018,2783.14,2799.22,2781.53,2798.29,2798.29,2834230000
Jul 11 2018,2779.82,2785.91,2770.77,2774.02,2774.02,2986180000
Jul 10 2018,2788.56,2795.58,2786.24,2793.84,2793.84,3080140000
Jul 09 2018,2775.62,2784.65,2770.73,2784.17,2784.17,3070060000
Jul 06 2018,2737.68,2764.41,2733.52,2759.82,2759.82,2590250000
Jul 05 2018,2724.19,2737.83,2716.02,2736.61,2736.61,2980160000
Jul 03 2018,2733.27,2736.58,2711.16,2713.22,2713.22,1911460000
Jul 02 2018,2704.95,2727.26,2698.95,2726.71,2726.71,3095040000
Jun 29 2018,2727.13,2743.26,2718.03,2718.37,2718.37,3586800000
Jun 28 2018,2698.69,2724.34,2691.99,2716.31,2716.31,3461100000
Jun 27 2018,2728.45,2746.09,2699.38,2699.63,2699.63,3803990000
Jun 26 2018,2722.12,2732.91,2715.60,2723.06,2723.06,3568900000
Jun 25 2018,2742.94,2742.94,2698.67,2717.07,2717.07,3663280000
Jun 22 2018,2760.79,2764.17,2752.68,2754.88,2754.88,5468110000
Jun 21 2018,2769.28,2769.28,2744.39,2749.76,2749.76,3336580000
Jun 20 2018,2769.73,2774.86,2763.91,2767.32,2767.32,3332140000
Jun 19 2018,2752.01,2765.05,2743.19,2762.59,2762.59,3671160000
Jun 18 2018,2765.79,2774.99,2757.12,2773.75,2773.75,3316120000
Jun 15 2018,2777.78,2782.81,2761.73,2779.66,2779.66,5451990000
Jun 14 2018,2783.21,2789.06,2776.52,2782.49,2782.49,3540930000
Jun 13 2018,2787.94,2791.47,2774.65,2775.63,2775.63,3820770000
Jun 12 2018,2785.60,2789.80,2778.78,2786.85,2786.85,3435700000
Jun 11 2018,2780.18,2790.21,2780.17,2782.00,2782.00,3262130000
Jun 08 2018,2765.84,2779.39,2763.59,2779.03,2779.03,3138850000
Jun 07 2018,2774.84,2779.90,2760.16,2770.37,2770.37,3742080000
Jun 06 2018,2753.25,2772.39,2748.46,2772.35,2772.35,3662780000
Jun 05 2018,2748.46,2752.61,2739.51,2748.80,2748.80,3523550000
Jun 04 2018,2741.67,2749.16,2740.54,2746.87,2746.87,3410090000
Jun 01 2018,2718.70,2736.93,2718.70,2734.62,2734.62,3694310000
May 31 2018,2720.98,2722.50,2700.68,2705.27,2705.27,4241100000
May 30 2018,2702.43,2729.34,2702.43,2724.01,2724.01,3566490000
May 29 2018,2705.11,2710.67,2676.81,2689.86,2689.86,3743310000
May 25 2018,2723.60,2727.36,2714.99,2721.33,2721.33,3015260000
May 24 2018,2730.94,2731.97,2707.38,2727.76,2727.76,3285750000
May 23 2018,2713.98,2733.33,2709.54,2733.29,2733.29,3333160000
May 22 2018,2738.34,2742.24,2721.88,2724.44,2724.44,3384140000
May 21 2018,2735.39,2739.19,2725.70,2733.01,2733.01,3053480000
May 18 2018,2717.35,2719.50,2709.18,2712.97,2712.97,3383270000
May 17 2018,2719.71,2731.96,2711.36,2720.13,2720.13,3478150000
May 16 2018,2712.62,2727.76,2712.17,2722.46,2722.46,3248480000
May 15 2018,2718.59,2718.59,2701.91,2711.45,2711.45,3291190000
May 14 2018,2738.47,2742.10,2725.47,2730.13,2730.13,2994360000
May 11 2018,2722.70,2732.86,2717.45,2727.72,2727.72,2874850000
May 10 2018,2705.02,2726.11,2704.54,2723.07,2723.07,3380640000
May 09 2018,2678.12,2701.27,2674.14,2697.79,2697.79,3913650000
May 08 2018,2670.26,2676.34,2655.20,2671.92,2671.92,3745100000
May 07 2018,2680.34,2683.35,2664.70,2672.63,2672.63,3266810000
May 04 2018,2621.45,2670.93,2615.32,2663.42,2663.42,3335260000
May 03 2018,2628.08,2637.14,2594.62,2629.73,2629.73,3867530000
May 02 2018,2654.24,2660.87,2631.70,2635.67,2635.67,4047020000
May 01 2018,2642.96,2655.27,2625.41,2654.80,2654.80,3562820000
Apr 30 2018,2682.51,2682.87,2648.04,2648.05,2648.05,3749510000
Apr 27 2018,2675.47,2677.35,2659.01,2669.91,2669.91,3234510000
Apr 26 2018,2651.65,2676.48,2647.16,2666.94,2666.94,3690920000
Apr 25 2018,2634.92,2645.30,2612.67,2639.40,2639.40,3563680000
Apr 24 2018,2680.80,2683.55,2617.32,2634.56,2634.56,3716020000
Apr 23 2018,2675.40,2682.86,2657.99,2670.29,2670.29,3030390000
Apr 20 2018,2692.56,2693.94,2660.61,2670.14,2670.14,3428260000
Apr 19 2018,2701.16,2702.84,2681.90,2693.13,2693.13,3375120000
Apr 18 2018,2710.11,2717.49,2703.63,2708.64,2708.64,3412030000
Apr 17 2018,2692.74,2713.34,2692.05,2706.39,2706.39,3286190000
Apr 16 2018,2670.10,2686.49,2665.16,2677.84,2677.84,3020740000
Apr 13 2018,2676.90,2680.26,2645.05,2656.30,2656.30,2988540000
Apr 12 2018,2653.83,2674.72,2653.83,2663.99,2663.99,3045330000
Apr 11 2018,2643.89,2661.43,2639.25,2642.19,2642.19,3054520000
Apr 10 2018,2638.41,2665.45,2635.78,2656.87,2656.87,3579130000
Apr 09 2018,2617.18,2653.55,2610.79,2613.16,2613.16,3076140000
Apr 06 2018,2645.82,2656.88,2586.27,2604.47,2604.47,3312390000
Apr 05 2018,2657.36,2672.08,2649.58,2662.84,2662.84,3230430000
Apr 04 2018,2584.04,2649.86,2573.61,2644.69,2644.69,3369230000
Apr 03 2018,2592.17,2619.14,2575.49,2614.45,2614.45,3395840000
Apr 02 2018,2633.45,2638.30,2553.80,2581.88,2581.88,3635780000
Mar 29 2018,2614.41,2659.07,2609.72,2640.87,2640.87,3572360000
Mar 28 2018,2611.30,2632.65,2593.06,2605.00,2605.00,3875720000
Mar 27 2018,2667.57,2674.78,2596.12,2612.62,2612.62,3761320000
Mar 26 2018,2619.35,2661.36,2601.81,2658.55,2658.55,3538080000
Mar 23 2018,2646.71,2657.67,2585.89,2588.26,2588.26,3829380000
Mar 22 2018,2691.36,2695.68,2641.59,2643.69,2643.69,3765460000
Mar 21 2018,2714.99,2739.14,2709.79,2711.93,2711.93,3434780000
Mar 20 2018,2715.05,2724.22,2710.05,2716.94,2716.94,3272590000
Mar 19 2018,2741.38,2741.38,2694.59,2712.92,2712.92,3327460000
Mar 16 2018,2750.57,2761.85,2749.97,2752.01,2752.01,5429140000
Mar 15 2018,2754.27,2763.03,2741.47,2747.33,2747.33,3543710000
Mar 14 2018,2774.06,2777.11,2744.38,2749.48,2749.48,3394630000
Mar 13 2018,2792.31,2801.90,2758.68,2765.31,2765.31,3324290000
Mar 12 2018,2790.54,2796.98,2779.26,2783.02,2783.02,3216960000
Mar 09 2018,2752.91,2786.57,2751.54,2786.57,2786.57,3376870000
Mar 08 2018,2732.75,2740.45,2722.65,2738.97,2738.97,3206040000
Mar 07 2018,2710.18,2730.60,2701.74,2726.80,2726.80,3406690000
Mar 06 2018,2730.18,2732.08,2711.26,2728.12,2728.12,3389030000
Mar 05 2018,2681.06,2728.09,2675.75,2720.94,2720.94,3733640000
Mar 02 2018,2658.89,2696.25,2647.32,2691.25,2691.25,3891250000
Mar 01 2018,2715.22,2730.89,2659.65,2677.67,2677.67,4514490000
Feb 28 2018,2753.78,2761.52,2713.54,2713.83,2713.83,4244570000
Feb 27 2018,2780.45,2789.15,2744.22,2744.28,2744.28,3752070000
Feb 26 2018,2757.37,2780.64,2753.78,2779.60,2779.60,3436590000
Feb 23 2018,2715.80,2747.76,2713.74,2747.30,2747.30,3200360000
Feb 22 2018,2710.42,2731.26,2697.77,2703.96,2703.96,3720620000
Feb 21 2018,2720.53,2747.75,2701.29,2701.33,2701.33,3789040000
Feb 20 2018,2722.99,2737.60,2706.76,2716.26,2716.26,3646920000
Feb 16 2018,2727.14,2754.42,2725.11,2732.22,2732.22,3646920000
Feb 15 2018,2713.46,2731.51,2689.82,2731.20,2731.20,3696140000
Feb 14 2018,2651.21,2702.10,2648.87,2698.63,2698.63,4011940000
Feb 13 2018,2646.27,2668.84,2637.08,2662.94,2662.94,3503540000
Feb 12 2018,2636.75,2672.61,2622.45,2656.00,2656.00,4069220000
Feb 09 2018,2601.78,2638.67,2532.69,2619.55,2619.55,5690110000
Feb 08 2018,2685.01,2685.27,2580.56,2581.00,2581.00,5333840000
Feb 07 2018,2690.95,2727.67,2681.33,2681.66,2681.66,4646300000
Feb 06 2018,2614.78,2701.04,2593.07,2695.14,2695.14,5917350000
Feb 05 2018,2741.06,2763.39,2638.17,2648.94,2648.94,5310840000
Feb 02 2018,2808.92,2808.92,2759.97,2762.13,2762.13,4340220000
Feb 01 2018,2816.45,2835.96,2812.70,2821.98,2821.98,3977380000
Jan 31 2018,2832.41,2839.26,2813.04,2823.81,2823.81,4276270000
Jan 30 2018,2832.74,2837.75,2818.27,2822.43,2822.43,4012070000
Jan 29 2018,2867.23,2870.62,2851.48,2853.53,2853.53,3587420000
Jan 26 2018,2847.48,2872.87,2846.18,2872.87,2872.87,3474680000
Jan 25 2018,2846.24,2848.56,2830.94,2839.25,2839.25,3873100000
Jan 24 2018,2845.42,2852.97,2824.81,2837.54,2837.54,4079270000
Jan 23 2018,2835.05,2842.24,2830.59,2839.13,2839.13,3541140000
Jan 22 2018,2809.16,2833.03,2808.12,2832.97,2832.97,3489480000
Jan 19 2018,2802.60,2810.33,2798.08,2810.30,2810.30,3724230000
Jan 18 2018,2802.40,2805.83,2792.56,2798.03,2798.03,3703300000
Jan 17 2018,2784.99,2807.04,2778.38,2802.56,2802.56,3790340000
Jan 16 2018,2798.96,2807.54,2768.64,2776.42,2776.42,4362880000
Jan 12 2018,2770.18,2787.85,2769.64,2786.24,2786.24,3587220000
Jan 11 2018,2752.97,2767.56,2752.78,2767.56,2767.56,3645690000
Jan 10 2018,2745.55,2750.80,2736.06,2748.23,2748.23,3579900000
